,Unnamed: 0,category,manufacturer,product,name,date,rating,text,newline_count,review_len,special_char_count,manufacturer_count,product_count
1,1,11stReview,쁘리엘르,침구,bose*****,2021.06.15,5,다좋아요.재질도좋고~~냉감이불은 진짜시원하고.근데 손톱이나 굳은살 뽀족한거에 찍히면 바로 뜯기는자국생기네용ㅠㅠ 보드랍고 좋은뎅 그리고 다른 이불들도 다 좋아요.근데 마감이... 라이터로 지지다가 배게 탈뻔ㅋㅋ 저렴하게샀으니 감안은 하지만 깔끔한마감이면 더 좋지 않았을까라는 아쉬움은 있네요~~^^,0,165,6,0,0
2,2,11stReview,쁘리엘르,침구,sydw***,2021.07.14,5,저번에 여름이불 샀는데 괜찮아서 다른디자인으로 재구매했어요^^ 여름이불로 얇아서 쓰기 좋아요. 까슬해서 몸에 안달라붙습니다 ㅎㅎ 남편도 부드러운거 좋아하는데 요즘은 너무 덥다고 까끌한 얇은 홑이불만 찾아요. 딜 떠서 베개커버까지 세트로 저렴히 샀네요. 흰색이랑 노랑꽃이 예쁘네요 사용하면서 누래지지만 않으면 좋겠다면서 ㅋㅋ 어차피 땀 흘리고 수시로 빨거라서 비싼것도 오래 못써요. 저처럼 세탁기 휘뚜루마뚜루 돌리는 사람은 너무 비싼거 부담스럽습니다ㅋ 실밥 마감도 이정도면 괜찮고요~ 올 나간것도 없고요~ 아주 만족 합니다! 행사 많이 해주셔요!^^많이 사게 ㅋㅋ,0,314,8,0,0
9,9,11stReview,쁘리엘르,침구,rany***,2021.06.25,5,그림 이쁘구요 프린팅도 잘 되어있네요~ 시어서커가 얼굴에 자국은 남기지만 그래도 여름에는 이런 이불 있어야 여러모로 좋은거 같아요~ 형제들 쓰려고 2세트 주문했어요~~^-^ 마감도 좋고 색상도 좋아요!,0,112,8,0,0
15,15,11stReview,쁘리엘르,침구,김새댁,2021.06.16,5,행사가격으로 잘 산거같아요~ 오자마자 세탁 했어요 오늘 날씨가 덥지만 바람 많이 불고 너무너무 좋아서 더 빨리 마르네요!! 하얀색이라 때 탈까 걱정이지만 여름 한철 시원하게 잘 사용하기 위해 과감하게 선택했어요 너무 맘에 듭니다 ^^,0,130,5,0,0
18,18,11stReview,쁘리엘르,침구,hyei****,2021.07.05,5,상품에 대한 질문 답변 빨리해주시고 배송도 엄청 빨랐어요!! 쇼킹딜 상품이기도 하고 택배 파업으로 1주일 정도 예상했는데 바로 도착했습니다. 제가 요청한 사항 배려해주시고 넘넘 감사합니다. 제품 품질도 넘넘 좋아요~~ 가성비 짱짱입니다.!! 겨울 베개커버도 판매하시면 와서 구매할게욧~~~♡,0,162,9,0,0
24,24,11stReview,쁘리엘르,침구,limw*****,2021.06.16,5,색상은 찍은 사진과 동일하고 시어서커라서 많이 까실까실 할줄알앗는데 다른 이불들보다 그나마 (?)찌끔 덜 까실한편입니다. 그래도 부드러운이불은 아니에요! 시어서커만의매력이있는이불입니다^-^,0,105,7,0,0
26,26,11stReview,쁘리엘르,침구,viol********,2021.06.30,5,작은방 침대에 쓰려고 주문했어요. 같은 컬러로 큰 사이즈가 있었으면 좋았을걸...ㅠㅠ 컬러감도 깔끔하고 재질도 감기는 천이라 마음에 들어요!! 잘 쓰겠습니다!!!,0,90,5,0,0
28,28,11stReview,쁘리엘르,침구,bose*****,2021.06.15,5,다좋아요.재질도좋고~~냉감이불은 진짜시원하고.근데 손톱이나 굳은살 뽀족한거에 찍히면 바로 뜯기는자국생기네용ㅠㅠ 보드랍고 좋은뎅 그리고 다른 이불들도 다 좋아요.근데 마감이... 라이터로 지지다가 배게 탈뻔ㅋㅋ 저렴하게샀으니 감안은 하지만 깔끔한마감이면 더 좋지 않았을까라는 아쉬움은 있네요~~^^,0,165,6,0,0
37,37,11stReview,쁘리엘르,침구,dlwl*******,2021.07.13,5,여름이라 애들 침대 이불 바꿔주려고 구매했어요^^ 주문하고 다음날 아침 일찍 발송해주셔서 빠르게 잘 받았어요^^ 보기엔 좀 까칠할것같았는데 만져보니 부드러운 재질인데다 아들이 좋아하는 공룡그림이 있어 너무 좋아합니다^^,0,122,6,0,0
59,59,11stReview,쁘리엘르,침구,viol********,2021.06.30,5,아이가 홑이불을 좋아하는데 새로 구입해봤어요. 혼자만 덮겠다고 난리네요^^ 시원해보이고 공룡그림도 귀여워요^^ 잘 쓰겠습니다!!,0,71,6,0,0
143,143,11stReview,쁘리엘르,침구,only******,2021.06.17,5,저렴하게 잘 구입한듯해서 만족해요 여름이불로 딱이에요 생각보다 더 얇고 가벼워서 좋아요~~~^^,0,53,5,0,0
149,149,11stReview,쁘리엘르,침구,only******,2021.06.17,5,여름이불로 두세트가 필요했는데 시원하보이고 딱이에요 저렴하게 잘산듯해요~~~ 여유분 더 주문해야겠어요~^^,0,59,6,0,0
218,218,11stReview,쁘리엘르,침구,kyou*******,2021.07.15,5,토퍼는 매트리스에 고정할수 있는 밴드가 달렸으면 더 좋았을거 같아요! 이불은 얇고 살짝 오돌도돌 부드럽고 시원하고 좋습니다! ㅎㅎ 배송도 무지 빨랐고 개별로 깔끔하게 잘 포장되어서 왔어요!! ㅎㅎ 많이파세용^^,0,117,6,0,0
229,229,11stReview,쁘리엘르,침구,kyou*******,2021.07.15,5,토퍼는 매트리스에 고정할수 있는 밴드가 달렸으면 더 좋았을거 같아요! 이불은 얇고 살짝 오돌도돌 부드럽고 시원하고 좋습니다! ㅎㅎ 배송도 무지 빨랐고 개별로 깔끔하게 잘 포장되어서 왔어요!! ㅎㅎ 많이파세용^^,0,117,6,0,0
237,237,11stReview,쁘리엘르,침구,hy01**,2021.07.07,5,저렴한 가격에 좋은 베개 커버 샀어요 너무 만족스럽습니다~!*^^*,0,37,6,0,0
248,248,11stReview,쁘리엘르,침구,hy01**,2021.07.07,5,너무 부드럽고 좋아요 머리 얼굴에 닿았을때 좋으네여~!!*^^*,0,35,7,0,0
349,349,11stReview,쁘리엘르,침구,wnsd***,2021.06.19,5,예쁘고 가볍고 부드러워요 빨아놓으니 우리집 막둥이가 폭신폭신 부드러운지 너무 좋아했어요~^^ 분홍색은 톤다운색이고요~^^ 슈퍼킹이라 퀸이불이 작은데 크게 나왔길래 구매했는데 나쁘지않아요~^^ 2개 같이쓰려고 2개 구입햇어요,0,124,9,0,0
376,376,11stReview,쁘리엘르,침구,bany****,2021.07.14,5,"생각했던것보다 꽤 좋은데요.... 가격이 저렴해서 기대안했지만 까슬까슬 시원한것 같아요!! 받자마자 바로 빨아놨는데 보풀도 안 일어나고, 올 여름 잘 사용하겠네요!!^^",0,94,6,0,0
378,378,11stReview,쁘리엘르,침구,JEA,2021.06.16,5,부드럽고 재질도 좋아요. 더워도 여름에 이불은 덮고 자는데 아주 딱입니다! 그레이샀는데 실제로보면 파랑색이 보여요. 블루 그레이랄까…? 더 예쁘네요!!,0,84,5,0,0
421,421,11stReview,쁘리엘르,침구,bbab****************,2021.06.27,5,빨래도 편하게 할수있고~~ 얇아서 깔아도 좋고 덮어도 좋고~~ 1+1이라 더 좋네요,0,46,5,0,0
433,433,11stReview,쁘리엘르,침구,judy***,2021.07.11,5,마침 필요하던차에 행사로 착한가격에 구매했어요. 우선 배송 빠르고 색상 화면 그대로~ 굿! 재질도 생각한 그대로~ 굿!!,0,67,5,0,0
507,507,11stReview,쁘리엘르,침구,dkfe*******,2021.07.01,5,지~~~~~~인짜 진짜 좋아요 워... 이것만 쓰고싶어요 눅눅함 1도없고 세상 너무 좋네요,0,50,6,0,0
534,534,11stReview,윈드피아,선풍기,ktan*****,2021.06.27,5,이번엔 딸방에 놓을거 주문했어요~집에 windpia 선풍기가 4대이네요...ㅋ 미풍도 아주 시원한 요즘이에요~ sk 포인트에 ok캐시백포인트까지 해서 엄청 저렴하게 구입했습니다~^^ 잘 쓰겠습니다~~,0,111,7,0,1
573,573,11stReview,윈드피아,선풍기,ybl8**,2021.07.15,5,지인짜 가성비 갑!!!!! 소리도 생각보다 안나고 가격대비짱이에용,0,36,5,0,0
578,578,11stReview,윈드피아,선풍기,cgj9***,2021.07.02,5,윈드피아 선풍기는 저도 잘모르는 브랜드 였는데 막상 사용해보니 ~~우선~제가 많이 놀랬읍니다 이제품의 장점 첫번째는 우선 단단하고 강함을 가지고 있는거 같읍니다 색상 자체가 검은색이어서인것도 그런면도 있겠읍니다만 날개를 보호하는 보호막 외부커버도 아주단단한거 같읍니다 그리고 스탠드형이다보니 가운데 기둥도 아주 단단해보입니다 저는 집에 있는 제품이나 가게에있는제품이나 모두다 윈드피아제품을 사용하고있읍니다 한식집을 운영하다보니 가게에 선풍기가 많이필요해서 가게에 ~~약10대 정도있고 집에 1대있읍니다 어쨌튼 저는 윈드피아제품이 좋아서 ~(그이유는 튼튼하고 바람세기도 강한거 같아서) 쓰고 있는데 다른사람들은 또 모르지요 각자 취향이 다르니까~~아뭏튼 저는 윈드피아 제품에 별다섯개 올립니다??????,0,392,16,4,2
611,611,11stReview,윈드피아,선풍기,ulva*****,2021.06.26,5,좋아요~~ 만족합니다~~ 배송도 빠르고^^ 좋은 제품 감사합니다,0,35,6,0,0
622,622,11stReview,윈드피아,선풍기,love*********,2021.06.21,5,선풍기가 잘작동 돼요~~^^ 가격도 싸고~~^^,0,26,8,0,1
637,637,11stReview,윈드피아,선풍기,gktn****,2021.07.15,5,아휴!!!!!조립하는데 땀뻘뻘!아저씨 출장가고. 하필오늘 오고.덥고.ㅋㅋ 그래서 선풍기 헤드가 작아요.귀엽고! 근데 풍량은 ? 작다고 얕보지 마세요!!!!!! 높이 조절하는 나사가 안맞아서 ㅠㅠ 반품해야하나 ㅠㅠ 하고있다가 팔에서 암놈나사가 뚝 떨어지길래ㅠㅠ 팔에 붙어있다가~ 반품한다니까 놀래서 나왔나봐요! 그래도 조립완성!!! 두상작은 미인입니다,0,195,19,0,1
648,648,11stReview,윈드피아,선풍기,qun1**,2015.08.12,5,보름사용후기-잘쓰고 있어요 이~말이 정답이네요^^ 마트에서 산 다른 키큰선풍기도 있지만 이번에 11번가에서사서 쓰고있는 하늘선풍기 정말좋아요 ㅎㅎ 싼가격에 크게 기대안했는데 바람시원해~ 키커 ㅎㅎ 전 완전 맘에 들어요 1.2.3단 누르는 원터치가 아니라 조금걱정이지만 지금은 잘 쓰고있어요 동영상은1단 틀고 찍었는데 많이 흔드렸네요 이해하세요 ~~ 적극 추천합니다,0,203,7,0,2
649,649,11stReview,윈드피아,선풍기,silv*******,2020.07.17,5,배송은 빨랐어요~ 성능 점검 결과 리모컨도 잘 작동하고 풋터치도 잘 작동합니다~ 바람도 강도에 따라서 세기도 적당하구요 소음은 보통 선풍기 정도?.. 다른 제품에 비해 저렴하게 잘 구입한 것 같네요~ 번창하세요~~,0,119,6,0,1
663,663,11stReview,윈드피아,선풍기,kyul***,2021.06.12,5,조립도 혼자 할만했고 바람도 시원해요!! 소음이 적어서 더 좋네요!! 가성비 짱!!,0,46,6,0,0
666,666,11stReview,윈드피아,선풍기,wnsg******,2021.06.07,5,가성비 갑이라서 너무 좋아요. ㅊㅊ드립니다~~~~~~~~,0,31,8,0,0
670,670,11stReview,윈드피아,선풍기,smd7***,2019.07.05,5,"별점을 높게준 이유는 그래야 많은사람들이 보고 도움받을수있을것같아서요~ 1. 소음 가장 약한 1단계도 기존의 선풍기의 2,3단계에 해당하는 소음입니다. 보네이도 서쿨레이터 2단계 보다 시끄러운 1단계입니다. 초피풍?ㅋ 웃고갑니다. 초미풍이 거의 중 또는 강에 속합니다. 수면모드? 웃긴게 1단계에서는 수면 모드가 안됩니다. 안그래도 센데~2단계에서 수면모드를 하야하는ㅋ 자다가 놀랩니다. 2. 조립상태 부드러운 베어링으로 선풍기목부분을 부드럽게 했다는 설명ㅋ 개뿔ㅋ 탁,탁,틱 시끄러워요~ 3. 버튼 및 배송 그냥저냥 괜찮아요~괜찮은건 괜찮다고 해야겠죠~ 4. 결론 안방에 놓고쓰는 메인으로 쓰려고 했는데 절대불가. 발래말리는 배란다로 직행했습니다요~ 그냥 싼거는 싼거에요~ 안방에 쓰시려면 돈더주고 좋은거 사세요~",0,400,10,0,2
678,678,11stReview,윈드피아,선풍기,pret******,2017.05.27,5,"조립했습니다~ 조립 생각보다 간단하네요~ 드라이버 하나만 있으면 조립 가능합니다. 작동 잘됩니다. 가성비 좋네요~ 다만,, 버튼있는 판이랑 본체 조립할때 선으로 연결되어있는데 이거 두개 조립하는데에 애먹었어요~ 선풍기 몸체 길이를 길게 하면 선이 빨려들어가서 조립하기 쉬워지는데,, 한참해맸습니다. 이부분은 설명서 변경이 좀 필요할 것 같아요~",0,192,5,0,1
679,679,11stReview,윈드피아,선풍기,toot****,2018.07.18,5,"윈드피아는 사랑입니다^^ 회사 관계자 아니고 일반구매자입니다. 2년전에도 구매하였고, 추가로 다른제품 구매하였네요. 가격 솔직히 1만원대 스탠드선풍기로 이렇게 시원한선풍기는 좋은제품이라고 생각합니다. 배송도 빠르고요.삼품도 파손없이 잘도착하였네요. 디자인도 새로나온제품인지 심플하니 좋네요. 감사합니다 많이 파시고요. 지인소개도 하겠습니다~^^",0,192,5,1,2
680,680,11stReview,윈드피아,선풍기,wltn*******,2021.05.20,5,조립할때 비싼 선풍기와는 다른 약하고 가벼운 느낌이 들어서 살살 조립하셔야해요~~그리고 조립은 어렵지 않으나 선풍기 기둥하고 받침대를 조립할때 선으로 연결되어진 부분을 어떻게 처리해서 조립해야하는지 살짝 멘붕 왔었는데 설명서를 읽어보니 기둥 높이조절버튼을 누르면 선이 기둥안으로 들어간다네요 그래서 해보니 자동으로 들어가요 ~~잘 조립된거 같고 바람은 시원하고 소리도 조용해서 좋아요~~잘 사용하겠습니다~~^^,0,229,10,0,2
682,682,11stReview,윈드피아,선풍기,kjun********,2015.06.02,5,잘쓰겠습니다!!!!! 가격에 맞는 적당한 제품이 왔는거 같아요!!! 이 가격대에 너무 많은 걸 바라시는 분들이 계시는것 같아 구지 리뷰 남깁니다. 저는 적당한 제품이고 쓸만하다고 생각 됩니다. 작업실에서 손님용으로 쓸려구 산거에요. 물론 가정용으로 튼튼하고 오래 쓰려면 당연히 돈 더 주고 사셔야죠. 사실 어느 장소에서 써도 나쁘지 않은 제품인거 같습니다. 이 가격대 제품을 사놓고 부품이 후지다고 하는건 말고 안되는 것 같아요.싸고 좋은 제품은 없습니다. 좋은거 기대하셨거들랑 이삼만원 아끼지 말고 비싼거 사세요. 아주아주 오래 쓰기에는 부족할지 몰라도 특별히 고장이 나지 않는다면 관리 잘해서 쓸수 있는 제품 이라구 생각되구요! 배송은 요즘 날이 더운지라 하루정도는 늦게 보내질거라고 예상해서 기다릴만 했습니다. 이만원 줘서 사놓고 뭘 그렇게들 부품이 싸구려니 어쩌니 불만들이신지... 전 잘받아서 쓰고 있습니다 판매자분 많이 파세요^^!,0,471,12,0,0
687,687,11stReview,윈드피아,선풍기,sun5***,2012.08.13,5,이사오면서 쓰던 선풍기 다버리고 에어컨을 미쳐 장만하지못해 ~선풍기구매할려고 쇼핑몰 찾아보다가 화면상 스타일도좋고 깔끔한색상이 넘 맘에들어 구매했어요 구매하면서 걱정도 되드군요..전 신일이나 한일선풍기를 살려고맘먹고있었거든요.. 걱정만 기대반으로 구매했어요.. 어차피 대기업제품도소형가전은 하청으로 생산하는거니 차라리 중소기업제품이 나을수도있겠단 생각도 해보면서 구매했고 가격도 쿠폰적용하고 포인트있는걸로 구매했길래.. 혹 맘에 안들어도 몇년쓰고 버리지하는 맘으로 구매했어요.. 그런데 ~왠걸로 ~도착해서 조립하고 돌렸드니 넘 시원하고 좋아요 대박입니다 어떤분은소리가난다고 했는데 별로 시끄럽지도않고 거실 한쪽에 놓고 사용해보니 넘 시원하니 좋네요.. 리무컨은 앙증맞게 이쁘네요~ㅎㅎ 날개는 일부러3개짜리를 구매했어요.. 날개5개짜리 사용해보니 부드럽긴한데 바람이 약한것같아서3개짤을 구매했드니 선택잘한것같아요 작은선풍기보다 훨 시원하고 좋습니다 날개 3개젤 윗부분입니다 중간부분~다 좋고 맘에드는데 중간부분이 좀 그런거같아요 11번 상품평별로 써보지않아서 몰랐는데 사진올리고 수정하기가 조금 어려워요 올리다보니 상품이 전부 옆으로 누워버렸네요 바로할줄몰라 이대로 상품평적고있는중입니다 선풍기 밑부분과 리모컨이에요 리모콘으로 작동하니 편리하고 좋아요 거실에 둔 전체적인모습입니다 ~ 좋은가격에 구매잘했다고 신랑한테 칭찬들으니 기분 넘좋습니다,0,694,6,0,5
688,688,11stReview,윈드피아,선풍기,jytk**,2013.06.30,5,"한 2년간 사용하던 선풍기가 모터소리가 드르륵 거리면서 너무 시끄러울 정도로 커서 버리고, 이번에 11번가 행사 검색하다가 쿠폰과 포인트도 활용하고 해서,저렴한 가격으로 윈드피아 16인치 선풍기를 새로 구매했습니다.. 배송도 빠른편이고,포장도 잘해주셔서 안전하게 잘 받았습니다.. 받아보니 조립하기도 어렵지않고,색상이나 디자인도 실물은 더 깔끔하고, 특히 중앙에 투명한 윈드피아 마크가 맘에드네요.. 조립을 다해가는데 중간 키높이 봉에 끼우는 작은나사가 없어서 문의하니 판매자님께서 바로 택배로 보내주셨네요..손톱만한 나사2개인데 택배로 받으려니 판매자님께 좀 미안하기도 하고. 바로바로 대처하는 판매자님의 정성이 느껴져서 기분 좋았습니다^^ 선풍기는 물론 16인치라 바람 도시원하고. 제생각엔 7엽짜리라 선풍기 바람이 좀더 멀리 나가는거 같아요.. 이번여름은 윈드피아 선풍기로 시원하게 잘보낼거같네요.. 특히 츤절하신 판매자님 응대에 감사드립니다..번창하세요~",0,482,3,3,5
691,691,11stReview,윈드피아,선풍기,chul***,2011.07.21,5,"선풍기 때문에 며칠 고민하다가 구매했습니다. 물론 상품평이 도움이 되었지만, 앞부분 깨어진 경우가 종종 있다는 걸 보고 조금 망설여지기도 했는데, 판매자가 수리부품을 제공해준다고 해서 구매했습니다. 아이 있는 집에서도 키높이로 되어 있으면서도 선풍기망에 손가락이 잘 안들어가도록 해놓아서 별도의 그물망은 필요없지 싶습니다. 부품 하나하나 포장도 신경을 많이 썼다는 느낌이 들고요(기스나 파손을 방지하기 위해서), 기능은 더할나위 없이 훌륭합니다. 동급 최강이라는 느낌이 드는군요. 예전에 한일만 구매했었는데, 전혀 떨어지지 않습니다.(포장지 재질은 좀 못합니다만, 단가 낮추기 위한 노력으로 보이고, 제품은 비슷하고 성능은 나은 듯하고, 가격은 비교불가 입니다.) 키높이 선풍기 고민하셨다면 더 고민하지 말고 구매하셔도 충분히 좋을 것 같습니다. 조용하고 기능 뛰어납니다.",0,432,4,0,3
692,692,11stReview,윈드피아,선풍기,tsbe******,2011.07.12,5,누가 쓰던걸 보낸건지 물건 외관은 깨끗하지 않고 설명서상에 조립이 필요한 부분이 이미 조립되있는걸 보니 확실히 새거는 아닌것 같네요 싼맛에 쓰자 싶어서 그냥 틀어놨는데 이건 뭐.. 작동한지 삼십분만에 회전이 안되는건 무슨경운가요?? 교환한다고 제대로 된 물건이 올것 같지도 않고 배송기간 보아하니 한 일주일은 기다려야 할것 같아서 그냥 씁니다 아 사진상 선풍기 몸통에작은 부품은 선풍기에서 떨어진거에요 도대체 어느부분에서 떨어진건지 알아야 다시 붙여놓든가 말든가 하죠 +선풍기에 꽃무늬 보이시는분?박스는플라워 선풍기라고 포장되어서 왔는데 ..넌 누구냐...ㅡㅡ이점은 너무 사소해서 까먹었네요,0,330,4,0,4
693,693,11stReview,윈드피아,선풍기,myda******,2012.06.27,5,"배송이 정말 빠르게왔어요. 선풍기를 인터넷으로 구입해본게 처음이라 어떻게 배송이 오나 궁금했는데 스티로폼과 뽁뽁이로 잘 싸서 안전하게 보내주셨네요~ 조립도 쉽더라구요, 5분만에 완성. 새제품답지않게 자잘한 스크레치가 좀 있고 망에 찌그러지 부분도 있더라구요~ 스크레치는 그렇게 심하지 않고, 찌그러진 부분도 손으로 대충 펴서 크게 눈에 띄진 않긴해요~ 이정도면 그럭저럭 양품인듯~ 전에 사용하던 선풍기가 너무 작고 소음이 심해서 이걸 구입한건데, 날개가 커서 바람도 시원하고 소음도 거의 없어서 정말 좋네요. 그리고 전체적인 디자인도 깨끗하고 예뻐요. 앞으로 고장만 없으면 좋겠어요. 저렴한 가격에 예쁘고 성능 좋은 선풍기 구입해서 정말 기분 좋습니다.",0,365,4,0,3
694,694,11stReview,윈드피아,선풍기,jane*****,2016.09.01,5,"GNB 메일 뉴스 판 동영상 만화 영화 게임 운세 자동차 잇픽개편! 쇼핑 더보기 뉴스 날씨 스포츠 연예 아이돌24 랭킹뉴스 판 톡톡 트렌드톡 판포토 팬톡 네이트온 도토리충전소 문자메시지 부동산 주소록 증권 폰월드서비스 전체보기더보기 닫기 실시간 검색어 1위9월 모의고사108상승 2위김재수95상승 3위아수라65상승 4위이경실 남편신규진입 5위교육과정 평가원40상승 6위한채아29상승 7위한국 중국 축구30상승 8위임진왜란 159218상승 9위근로장려금28상승 10위노트7 폭발21상승 Biz. 인기 검색어 1위암치료HOT 2위학사편입 준비 3위문서파쇄 가격HOT 4위인터넷보험비교사이트 5위보육교사 2급 6위자동차보험 비교견적 7위허리통증 극복방법HOT 8위상패제작 9위하지정맥류란? 10위연금보험 추천 회원 로그인 영역 회원 로그인아이디 or @이하 모두 입력 비밀번호 비밀번호 비밀번호 로그인 유지 | IP보안 ON 아이디 / 비밀번호 찾기 | 회원가입 웹 네이트온 로그인은 설치가 필요 없는 가벼운 네이트온이 네이트 로그인 만으로 함께 로그인 되는 편리한 기능입니다.웹 네이트온이란?알림 레이어 닫기 개인정보 보호를 위해 개인PC에서만 사용해 주세요. 도움말보기 알림 레이어 닫기 컨텐츠 영역 뉴스 뉴스 스포츠 연예 3 / 5자동전환기능 정지이전 뉴스 보기다음 뉴스 보기 슬라이드김연경·박찬호 '전설의 만남' 슬라이드아파트 내에 도로명주소 부여 한진해운 사태에 세계무역 혼란…비용 뛰고 배 못 구해 발동동 콜레라 환자 3명, 같은 오염원에 감염 | '청년주택' 2만5천호 올해 착수 김재수 청문회 ""1억9천만원에 93평 전세"" | 생리대 값 거품 공정위 조사 '좁은 바늘구멍' 손흥민 토트넘 잔류 의미 | EPL 이적 마지막날 폭풍일지 '아수라' 정우성 ""주지훈, 엄청 자"" | 이봉원 ""수입? 명품",0,898,27,0,0
698,698,11stReview,윈드피아,선풍기,ynlo****,2013.07.30,5,"조회해보니,, 작년에도 같은날 구입했더라구요ㅎ 저렴한 가격에 만족스럽게 잘~ 쓰고있습니다. 작년엔 16인치 5엽날개 제품 구입했었는데 그건 품절이라해서 16인치 7엽이랑 14인치 이코노믹 이렇게 두개 주문했어요. 작년 구매에 이어 이번 상품도 만족스럽답니다. 하지만. cj택배.. 이거 무료배송 아니잖아요? 비용이 적던 어떻던 제가 배송비 지불하면서 이렇게 불친절을 넘어 불량하고 억압적이기까지한 그 택배에 돈을 지불해야했는지.. 정말 물건 반품해버리고싶었습니다. 집에 사람이 있음에도 불구하고 전화로 사람 있냐고 물어봐서 아버지 계시니 벨 눌러보라하니 없다 그러고 지할말만 하고 전화를 끊더라구요. 그것도 저녁 8시반 넘어서. 전화 끊자마자 집에계신 아버지와 확인전화하고 1분도 안되어 그 택배기사한테 전화를 걸었지만 받지 않는... 다음날 낮에 확인 전화를 다시하니 성질을 내더군요. 내가 왜? 그 성질을 받아야하죠? 오늘은 몇시쯤 오시냐 물은게 다인데 말이죠. 전날 아버지는 외출도 못하시고 택배받으시겠다고 저녁 10시까지 기다리셨는데 택배를 받지 못한 우리가 화를 내도 내야하는거 아닌가요? 요즘같이 흉흉한 세상에 그런 불량배한테 택배를 받아야한다니 앞이 깜깜해지기까지 하더군요. 제가 cj택배에 전화를 걸어 컴플레인을 해봤지만. 돌아오는 답변은. 만나보면 그런분이 아닐지도 몰라요. 였습니다. 덕분에 선풍기 구입 후기에 이런글을 쓰게 되는군요.",0,701,5,0,1
702,702,11stReview,윈드피아,선풍기,yuri**,2013.07.23,5,"가격만족도/성능/실제색상 등 : 제 생각이긴해도 선풍기라 하면 대부분 신X전기, 아니면 삼X이나 뭐 그런거였는데 이번에 받아본 이 제품 중국 것이긴해도 정말 잘 만들었네요 성능도 나무랄 때가 없고.... 그런데 웬지 씁쓸하네요 중국 것이 잘 만들어지고 있다는게 ㅎㅎ상태/배송 : 포장재가 약간 지저분한게 택배 때 조심하지 않았겠지요 만, 그리고 내부에 완충제들은 너무 조잡하네요 규격화가 필요할 것 같네요그 외 도움이 될 만한 사용후기 : 싸다고 다 그렇겠지 라는 생각은 버려야겠죠 집에서 방방마다 필요해서 가격저렴하고 제품평 좋은걸 고르다가 윈드피아로 구입했습니다. 가격 저렴하고, 제품 성능도 좋고, 조립이 간편해서 청소도 수월하게 할 수있어서 아주 짱입니다요. 망 사이 간격도 좁은편이고 어째튼 한여름 더위 잘 지내서 좋았습니다여름에 선풍기가 필요해서 인터넷 여기저기 둘러보다가 여기가 제일 저렴해서 구매했어요 . 사이즈도 크고 키높이 조절도 잘되고 일반 가정용 선풍기보다 훨씬 시원해요 .칼라도 하늘색 시원해보이고 조아요",0,519,6,1,3
705,705,11stReview,윈드피아,선풍기,jweb******,2012.07.28,5,"오늘 윈드피아 선풍기 받았습니다. 깔끔하고 이쁘네요. 디자인은 맘에 들어요. 그런데... 박스를 오픈해보니... 전기선과 날개에 공장에서 묻은건지 기름때가 세 곳에 ... 처음에는 뭔가 했는데 닦아보니 기름때더군요. 디자인도 이쁘고 배송도 빠르고 가격도 저렴하고 성능도 괜찮은거 같고...포장할때 조금더 세심하고 살펴보고 포장했으면 하는 바램입니다. 중요한거는 모터의 성능인데...오래동안 써보지는 않아서 이 부분은 패스... 나중에라도 고장이 나거나 하면 글 올리겠습니다. 사용 첫날...가격대비 만족한다고 말하고 싶네요. ------ 사용 후기 ------ 현재 사용한지 일주일이 넘었습니다. 사용전에는 디자인만 좋아서 그냥 ""추천""이었습니다. 요즘 날씨가 장난이 아니죠? 직접 이 선풍기 사용해보니...위에서 잠깐 기분나뻤던것은 말끔하게 사라졌습니다. 깨끗하고 디자인도 이쁘고 성능도 좋고.. 가격대비 이 만한 선풍기는 없을 듯 싶습니다. 신일인가 그 회사 선풍기가 유명하다보니 그걸 사려다가 윈드피아로 산건데 정말 가격대비 디자인과 성능면에서 대단히 만족스럽습니다. 특히나 침대를 사용하는 분이라면 적극추천드립니다. 선풍기 높이가 정말 딱 침대용에 맞게 디자인된 것 같은 느낌입니다. 무더위 오래 간다는데 아직도 선풍기 고민중이시면 고민마시고 이거 구입하셔서 사용하세요. ....",0,664,15,2,6
711,711,11stReview,윈드피아,선풍기,shfo***,2014.06.04,5,"안녕하세요. 예전부터선풍기가 없어서 언젠가 돈이 조금 생기면 선풍기기를 꼭 장만하고 싶었습니다. 그런데, 겨우 겨우 돈을OK캐쉬백 포인트를 모아 이번에 선풍기를 큰맘먹고 장만하기로 하였습니다. 정말 많은 사이트를 알아봤습니다. 제가 집에 드라이기가 없어서 여기저기 알아보다가 11번가에서 판매하는 선풍기기 너무 이쁘고, 가격도 저렴하고, 라서 주문하였습니다. 우선 가격은 저렴하게 구매하고, 또, 11번가에서포인트가 있어서 총 2만 조금 넘게구입하였습니다. 그런데, 택배도아주 빠르게 도착하고, 택배포장도 튼튼하고, 막상보니선풍기 이미지 사진보다 더욱더 이쁘고, 너무 너무 좋네여.조립도 쉽고,디자인과 색상또한 세련되고 너무 좋네여 ^^ 이젠올여름 시원하게 지낼수 있어서 너무 기분 좋아여.선풍기 사이즈도 그렇게 크지도 작지도 않고 정말로 딱 아담해서 너무 너무 좋네여.. 이제 머리감은후 멋있게 선풍기로 시원하게 할 생각입니다. 아주 세련되게 말이예여 .... 그리고, 저뿐만 아니라 가족과 함께 선풍기를 같이 사용하려구요. 너무너무 기분이 좋네여. 왜이렇게 기분이 좋은지 모르겠네여. 아 ~~ 기분 정말 너무 너무 좋네여 . 판매자님 감사합니다. 대박나세요 *^^*",0,598,8,0,8
716,716,11stReview,윈드피아,선풍기,tigg*****,2013.08.18,5,집에서 하나 사용하다가 부모님집에서 지내게 됬는데 너무 더워서(에어켄이 없어서ㅠㅠ) 부모님집에 2개 추가로 구매했습니다. 선풍기 목이 손으로 돌아가지 않습니다. 전체몸을 돌려서 돌려야하는 약간의 불편함(?)이 있습니다만 가격이 마트에서 파는 선풍기의 절반가격 즉 1개가격으로 2개를 구입할수 있고 약간 강도가 세서 더 시원합니다. 선도 정리하기 편리하게 넣는곳도 있고요. 조립도 간편합니다. 앗. 제가 구매한건 7엽 14인지 모던 윈드피아입니다. 가격대비 100% 추천제품입니다.,0,268,6,1,2
718,718,11stReview,윈드피아,선풍기,silk*****,2014.05.26,5,"날개가 7개라서 바람을 더 잘개 부수어 고르게 시원하게 전달되는것 같습니다! 리뷰 읽다가 혹시나 하자있는 상품이 오지는 않을까 노심초사 한것도 사실입니다! 배송이 빨리와서 첫번째로 좋았구요~ 조립도 쉬웠고, 무게도 정말 기존의 선풍기들과는 다르게 가볍더라구요! 사실 가벼워서 바람이 어중간 하면 어쩌나 했는데 정말 1단만으로도 시원하다 못해 춥다고 할까요?ㅋ 2단 3단은 언제 쓸지 고민입니다..ㅋㅋ 1단만으로도 충분히 시원하니까요!!ㅋㅋ 소음도 없는 편이구요~ 저는 블루 컬러 샀는데 정말 시~원한 컬러에 시원한 바람까지!!!! 원래 리뷰 잘 안남기는데 리뷰를 쓰게 만든 선풍기예요! 한가지 소원이 있다면 고장없이 오래 이 시원함을 느끼고 싶다는 점????? 암튼 저렴한 가격에 좋은 선풍기 득템한것 같아 기분도 좋고 올여름 시원하게 날것 같아 뭔가 느낌이 좋네요! 판매자분 많이 파세요~ 좋은제품 감사합니다~ 나중에 또 선풍기 필요하면 여기서 또 구매할려구요~",0,483,23,0,4
726,726,11stReview,윈드피아,선풍기,cook*****,2012.07.05,5,선풍기3개 중에 2개가 고장이면 어쩌라고요?신나게 에어콘틀고있네요.... 이런거 정말쓰기싫고 귀찮은데...조립에 투자한시간...짜증나는기분....어쩔겁니까... 쓰래기선풍기 버리면 그만이고 다시 돈주고 사면그만인데...정말짜증나서 어쩔줄 모르겠네요.. 내일안에 전화안주시면 어떻게 되나한번봅시다....윈드피아 선풍기 망하게 해드리지요.. 핸드폰 인터넷으로 널리 알려드리리다...하루시간드립니다...읽는즉시 전화주세요... 선풍기3대중.....2개가 불량이라니....제가 이러는게 또라이는 아니겠죠?안그래도 바쁜시간쪼개어서 실컨조립하고 했는데....내가 애도 아니고 이런 간단한선풍기 조립하나 못하는건 아니겠죠? 저번에는 대충사과받았는데 이번에는 도저히 안되겠네요.....뭐 이딴경우가 다있음?아무리 인터넷으로주문했다고 해도..........인터넷제품은 다 이런건가요?다른거 필요없습니다... 이런쓰래기 선풍기 버리면그만이고.....환불따위 필요없고...교환따위 필요없습니다... 당장 사과하세요........,0,508,5,1,6
728,728,11stReview,윈드피아,선풍기,biop******,2013.07.08,5,침대가 아닌 바닥에서 잠을 자는 저에게는 기존의 선풍기(표준사이즈)를 쓰다보니까 왠지 발 아래쪽으로는 선풍기 바람이 덜 온다는 느낌이었습니다. 그런데 이번에 좌식용 선풍기를 사용해보니 높이가 낮아서 그런지 저처럼 바닥에서 잠을 자는 사람들에게는 딱입니다. 예를 들면 많은 투수들의 유형중 김병현 선수처럼 옆으로 던지는 언더핸드형 투수의 구질... 그런 그낌이랄까....발끝부터 시원한 바람을 느낄 수 있었습니다. 타이머를 설정해도 태엽(?)돌아가는 소리도 안들리고 잠자리에서는 조그마한소리에도민감한 저에게는 꼭 필요한 제품이었습니다. 덕분에 어제부터 아주 시원하게 잘 자게 되었습니다. 가격도 아주 저렴하구요,0,340,5,0,3
729,729,11stReview,윈드피아,선풍기,vilo**,2011.07.11,5,배송은 주문날 2시쯤에 했더니 다다음날 왔습니다. 상품도 맘에 들고 처음에 저희 어므니께서는 너무 큰거 같아서 별로라고 생각하시더니 바람의 세기가 다르니까 좋아 하시더라구요~ 뭐.. 큰아이의 특징이겠지만 선이 윗쪽에 연결이 되어 있어서 여차 실수하면 거기에 걸려 넘어질 수도 있다는거 말곤 좋습니다. 아.. 그리고 회전하는 버튼이 약간 까딱까딱하긴 하는데 전화드렸더니 그 꼬다리도 다시 하나 보내주시고.. 뭐.. 근데 그아이는 원래 그런아인거 같더라구요..ㅎㅎ;; 무튼 올여름 시원하게 보낼것 같습니다~ 번창하세요~~~ ^^,0,293,7,0,0
731,731,11stReview,윈드피아,선풍기,good*********,2019.08.10,5,에어컨 트는것은 엄마가 춥다고 싫어 하셔서 선풍기 를 더 많이 쓰셨는데 고장이 났다고 하시어 사는중에 두대를 부모님댁에 사보내 드렸더니 넘~~좋아 하셨어요 흰색 검정 사드렸더니 검정색 이 넘좋아보인다고 하시던데요 생각보다 바람이 세고 시원 하다고 하시니 이 여름 시원하게 보내실거예요 버튼 조작 도 쉽고 리모컨 되는거 사드리려고 했는데 복잡 한거 싫으시데요 그래서 *^^*빠른배송 득템 감사 합니다,0,222,6,0,1
737,737,11stReview,윈드피아,선풍기,nami***,2011.06.18,5,전투기 엔진 소음 + 플라스틱 어긋남 삐그덕 소음 + 중국산 화학품 냄새 + 다른제품설명서 같은 필요한 정보가 너무 부족한 설명서 + 쓰레기 같을 내구성 + 바람세기 너무 약함 예전 2004년도 타사제품의 반정도 + 턱 턱 숨이 막히는 선풍기 고개 돌리기 + 힘든 조립 후 성취감은 없고 실망 짜증 냄새만 가득 조립은 다 했지만 환불이 가능하다면 무조건 환불받고 싶습니다 ㅡㅡ 난 선풍기를사려고 돈을지불했지 [악취+소음+불안] 제공 기계를 사지 않았습니다 환불가능하면 양심있게 환불해주세요 ㅡㅡ,0,276,11,0,2
739,739,11stReview,윈드피아,선풍기,jugu****,2011.08.02,5,택배 포장 잘 되어져서 도착해서 넘 좋았는데요... 포장뜯고 조립하려다보니 ..이게 왠일? 선풍기 고개가 자꾸 아래로 떨어지는 거예요@& 설명서 읽어봐도 모르겠구 큰일났다 싶어서 반품준비하려다가 갑자기 생각나서 상품 웹페이지를 자세히 읽어봤더니만 ...ㅋㅋ 결론부터 말하자면 그럴수도 있으니 나사로 고정되어있는 선풍기 고개를 살짝 풀어서 다시 조립하면 끝.. 너무 쉽죠?? 그리구 1단=미풍은 거의 자연바람에 가까운거 같아서ㅓ 넘 좋아요.. 회전도 천천히...아주 맘에 들어요..,0,268,6,0,2
742,742,11stReview,윈드피아,선풍기,juma**,2018.07.19,5,"구매전 후기를 보니 전선때문에 조립이 힘들다고 하기에 걱정 했는데 전혀 힘들지 않더군요 ,. 방향 맞춰서 살짝 밀어녛으면 바로 들어가더군요. 고정볼트? 암튼 그것도 일반 회전방향과 반대로 (시계반대방향)으로 돌리니 쉽게 풀리고요 기름때문에 회전봉 잡을때 불편하긴 하네요 선풍기 성능 은조용하고 바람세고가격대비 최고.. / 뽑기르 잘한건가? ㅋㅋ 회회 없고, 추천도 하겠습니다.",0,210,5,0,1
745,745,11stReview,윈드피아,선풍기,myun******,2014.06.30,5,배송이 아주빨랐으며 가격이 저렴해서 염려한부분이 많았는데 가격대비 최상입니다. 깨끗한 색상-저는 불루를 선택했구요. 심플한디자인. 감사합니다.*^^* 선풍기가 생각보다는 가벼웠습니다. 어린아이를 키우는 집에서는 조금은 조심해야될것같기도 한 노파심도 드네요. 하지만 저는 자식이 성인이여서 아무문제는 되지않았으며 오히려 가벼워서 50대후반인 제가 사용하기에는 최상이였습니다. 많이 파세요. 잘쓰겠습니다.^^,0,226,7,0,1
749,749,11stReview,윈드피아,선풍기,ning**,2010.07.13,5,"선풍기가 거기서 거기일지 모르나 조금 기능이 있다싶으면 언젠가부터 가격이 정말 ㅎㄷㄷ 하더군요 이곳 저곳 여러사이트 비교해보고 세부기능 꼼꼼히 따져본 결과 가격대비 훌륭합니다. (몇해전에 인터넷으로 구매한 제품은 가격이 몇곱으로 올랐더군요 흐~) 여러모드의 바람 그리고 아주 긴~ 시간 사용가능한 타이머 , 그리고 더운여름에 덜움직일수 있는 리모콘 기능 (리모콘 있으면 보통 가격이 ㅎㄷㄷ 합니다.) 아주 편리합니다. 조립하자마자 작동시키니 조금 냄새가 나더군요, 무슨냄새인지 모르겠으나 그리좋은냄새는 아님니다. 날개및 망주위에 페브** 몇번 뿌려주니 조금 좋아졌습니다. 쓰다보면 좋아지겠지요 ^^",0,334,10,0,1
751,751,11stReview,윈드피아,선풍기,ktsa****,2013.10.29,5,"안녕하세요.. 좋네요..근데 선풍기 회전시키면 좀 흔들리네요 선풍기 회전시 흔들리는 증상은 원래 몇년 쓰면 나타나는 증상인데 새제품에서 나타나네요... 저가형이라 이정돈 감수해야할듯... 감사합니다.. [선풍기종결자윈드피아]14인치16인치스탠드 리모콘형 크리스탈 플라워 선풍기가 다~모였다! TS-23/WF-674/WINDPIA-1263/WF-1500/WF-1600/WINDPIA-1070 23,030원 [옵션]선풍기종류:14인치모던12엽[WINDPIA-1412MF",0,260,20,1,5
752,752,11stReview,윈드피아,선풍기,ygli**,2011.06.22,5,사무실에서 쓸거라 그냥 적당한 가격대에 적당한걸루 고르다보니 가격도 저렴하고 디자인도 무난해보여서 선택~! 배송도 빠르고 2개 주문했는데 같이 묶음배송되었네요 디자인은 사진에서와 같구요 푸른계열이라 시원해보여요~ 간단히 조립해서 사용해보니 작동도 잘되구용.. 사이즈는 보통(?) 선풍기 크기 정도예요 ㅎ 선풍기 날개가 5개네요 ㅎ (울집에 있는건 4개인데..더 시원할라나..?ㅎㅎ) 저렴한 가격에 무난합니다~,0,228,10,0,2
753,753,11stReview,윈드피아,선풍기,wjdg****,2011.09.14,5,조립이좀 난해해서그렇지(제가잘모라서그런지) 조립하고나니 작동잘되고 훌룡하네요 소음별로없구요 모터도 오래써도 안뜨거워지는거보니 내구력도 상당한거봅니다 백자의압박이있네요 ㅠㅠ 일단이거 조립잘모르는 여성분이나 조립잘안해보신남성분들이하면 약간 조립이 힘들수도있을거같아요 약간애매하거든요 설명도그렇고 그거만뺴면 꽤좋은 선풍기같습니다 업소에서도 똑같은 선풍기자주보는데 괜찬아요~!!!,0,208,6,0,2
755,755,11stReview,윈드피아,선풍기,cres*****,2011.07.02,5,너무 좋네요 ㅋㅋㅋ 좌식이라서 혹시 불편할까봐 걱정했는데 바닥에 이불 깔고 자는 저로서는 ㅋㅋㅋ 좌식선풍기가 더 좋네요 ! 의자에 앉아 있어도 약간 뒤로 제끼면 바람 닿아요 ㅋㅋ 이건 뭐 완전 짱 ㅋㅋㅋ 게다가 3만원도 안되는 가격에 샀다는게 놀라울 따름입니다! 기능 다 되고 ~ 생각보다 튼튼해 보여요 ㅋㅋ 이번 여름 무사히 날께요 판매자님 번창하세요 ~!! 아참 ..근데 조립이 약간 힘들었어요 ㅋㅋ 어렵거나 한건 아닌데 힘이 많이 들어가서 ㅠㅠ 조립하면서 땀 뻘뻘 ㅋㅋㅋ,0,266,6,0,1
757,757,11stReview,윈드피아,선풍기,suns********,2011.08.11,5,제가 선풍기 조립이 처음이라 그런지 아니면 기계치여서 그런진 몰라도 조립하는 데 조금 ....애먹었지만....... 사진 리뷰 올려주신 분 덕분에 올바르게 조립할 수 있었습니다. 사실 잘못 맞춰서 소음이 되게 컸었거든요.. 저의 무지로 인해 불만글 올린 거 죄송해요.... 그리고 원래 없어야 될 구멍이 생긴 부분도 빠르게 상담해주시고 보내주셔서 감사드립니다. 선풍기 등급 효율이 3등급인 것이 좀 아쉽지만 타회사 제품들도 거의 비슷 한 거 같더라구요... 그럼..번창하세요~~~~~,0,270,5,0,2
758,758,11stReview,윈드피아,선풍기,thec*******,2015.08.12,5,"한일선풍기와 신일선풍기만 쓰다가 이번에 이사를 하면서 기존에 쓰던 선풍기가 고장나서 구입하게 되었는데요~저렴한 가격에, 이따금씩 실망스럽다는 상품평을 보고 망설였었는데..저는 가격대비 이정도면 만족스럽네요~깔끔하고 군더더기없는 심플한 디자인도 맘에 쏙 들구요~가족들이 선풍기 어디서 샀냐고 다들 물어봅니다ㅎㅎ감사합니다~!!",0,180,6,0,4
764,764,11stReview,윈드피아,선풍기,dudd*****,2011.06.23,5,가격대비 정말 너무 괜찮은 제품입니다. 디자인도 깔끔하고.. 성능도 좋고.. 집에 선풍이가 모~두 한꺼번에 고장나서 급히 샀는데.. 가격도 착하고 성능도 좋고~좋네요. 두개 구입할까하다가...중소기업꺼라. 별로일 수 도 있어서 구입후 괜찮으면 다시 구입할 생각으로 하나만했는데.. 이런이런~ 처음보다 가격이 이렇게나 많이 오르다니.ㅠㅠ 슬프네요. 암튼 선풍기는 참 좋아요^^,0,209,5,0,1
767,767,11stReview,윈드피아,선풍기,ddob*******,2012.08.03,5,"요즘 에어컨도 틀지마라, 환풍기도 꺼버리는 전기절약 때문에 미칠지경입니다. 사무실에 기존에 신일,한일 선풍기가 총7대 있는데 오늘 받아서 사용해 보니 메이커 작은거 1대 값으로 큰녀석으로 2대나 장만하고 날개가 4개라서 소음이 조금더 크기는 하지만 바람도 쌩쌩 아주 좋네요... 이렇게 빨리 컴퓨터 앞으로 달려와 후기 쓰기는 오랜만이네요.. 적극추천합니다.. 가격대비 아주~~아주~~ 굿!! 입니다.",0,223,6,0,1
770,770,11stReview,윈드피아,선풍기,dufl***,2011.07.21,5,저희 친정엄마에게 드리려고 선물로 선풍기 좌식용으로 했는데요 에어컨 따로 할 필요없이 정말 시원해요 엄마도 언니도 너무 마음에 들어하구요 기존에 있는 선풍기 바람은 ..더운 바람이 많이 나와서 .. 별로시원하지도않았는데 이번에 구입한 선풍기는 잠깐 틀어놔도 시원하고 .. 오죽하면 더위를 많이 느끼는 우리 언니도 .. 좌식용 선풍기 사용하면 .. 중간에 추위 느껴서 배만큼은 이불 덥고 있다고 합니다. 물론 저도 사용해봤는데 ..정말 만족하는 상품이구요. 가격대비도 너무 만족해요^^ 무엇보다 좌식용 선풍기라 모양 안이쁠 줄 알았는데 모양도 너무 쪼금해서 귀엽구요 .. 정말 적극 추전합니다 ^&^,0,334,5,0,5
785,785,11stReview,윈드피아,선풍기,hoyn******,2016.07.05,5,집안에 선풍기한대가 고장나서 하나 장만했습니다!! 저희집은 윈드피아꺼만 쓰는데 역시 이번에도 윈드피아꺼로 샀어요 제일저렴하면서 고장이 쉽게안나는거같아요 고장난것도 몇년간 오래쓰다가 수명이 달은거 같아요ㅠㅠ 최신꺼인지 생김새가 진짜 잘나왔네요 엄청깔끔해요 여름나기 시원하게 할게요!!!!,0,159,6,2,1
791,791,11stReview,윈드피아,선풍기,jjhs***,2013.05.31,5,"좌식용 선풍기 잘 받았습니다~ 집이 좁아 높은 선풍기가 필요없어서 구매했는데 생각보다 낮지는 않네요~ 디자인 이쁘고 좋습니다~ 바람 세기도 만족하는 편이고, 다만 다른분들 말처럼 소음이 좀 심하네요 처음에 조립을 잘못 한 줄 알고 봤는데 자체 소음인 듯 하네요~ 그래도 가격대비 나쁘지 않아요~만족합니다~ 올 여름에는 이걸로 잘 버텨봐야죠~",0,190,7,0,2
795,795,11stReview,윈드피아,선풍기,roga***,2013.07.07,5,사무실에 앉아일하시는분들! 거기다가 에어콘 못키는 더러분 세상에서는 밑에 선풍기를. . .설치해보아요! 좌식이라 들키지두 않쿠. . . 소음도 생각보다 적네요! 다 좋은데. . . 처음 조립할때 남자는 설명서 따위는 필요없다! 이러다가 당황합니다. 설명서 사용서는 꼭 읽어보시길.. . 많이파셔요^^,0,167,6,0,1
799,799,11stReview,윈드피아,선풍기,keki***,2015.07.25,5,완전 적극 추천 아직도 모든 제품을 브랜드를 보고 구매하시나요? 사실저도 그랬는데 요즘엔 생각이 좀 바뀌었어요! 거의 모든 가전제품이나 생활용품 기타등등 중국이나 아시아권에서 조림되어 오더라구요 근데 사실 아직까지는 브랜드와 중소 기업 제품에 차이를 크게 모르겟습니다. 오히려 가격도 저렴하고 제품도 좋은듯해요 고민하지마시고 구매하셔서 보세요 마음에 쏙~~ 드실겁니다. 완전 강추!!!,0,215,7,0,0
801,801,11stReview,윈드피아,선풍기,redf****,2010.07.09,5,올여름 유난히 더운것 같아서 선풍기를 한대 더 샀는데요 배송도 빠르고 제품도 상당히 좋습니다. 저렴한 가격에 구매해서 제품이 안좋을까봐 걱정을 많이 했는데 어익후~괜한 걱정했군요!!! 예전에쓰던거는 날개가 자꾸 부러져서 날개만 따로몇번을 샀는지 에휴 결국 고장나버려서 버렸지만 이제품은 날개가 안부러집니다. 암튼 전체적으로 대만족입니다. 판매자님 대박나십쇼!!!,0,202,7,0,1
804,804,11stReview,윈드피아,선풍기,wlsv*****,2014.08.04,5,두개를 주문했는데 한개가 불량이더라구요???-_- 그래도 별 문제있을것같진않아서 걍 조립했는데 1단계에 놨는데도 바람이 강하다...! 바람이 세서 좋더라구요 ㅎㅎ 네이버 검색해보니까 길어야 3개월 쓴다는데 여름에 반짝 빛날 아이템인듯 ㅋ 싼게비지떡? 그래도 바람 세고 좋음,0,152,7,0,0
808,808,11stReview,윈드피아,선풍기,ntpg****,2016.07.04,5,"우선 여기저기 오픈마켓, 오프라인등 많이 찾아 보았는데, 판매자님이 판매하시는 상품이 가장 저렴합니다~! 무엇보다 오프라인보다 많이 저렴한 것이 좋네요.. 가격이 저렴하면 의심하고 보는 부분이 하자가 있는 것이 아닌가 하는 것인데, 전혀 그럼 문제도 없고, 하튼 너무너무 좋네요~~~!! 품질도 좋고 가격도 좋고 배송도 빠르고 너무너무 만족스럽네요~~!! 앞으로도 번창하시고요~ 좋은제품 많이많이 판매해 주시기 바랄께요~~ 감사합니다~!!",0,245,17,0,0
812,812,11stReview,윈드피아,선풍기,sang***,2012.07.31,5,"스탠드형 선풍기 구매한지 한달이 넘었는데요, 정말 바람이 시원하고 센것 같아요~ 넓은 방에 제격이죠, 저는 방이 작아 바람이 회전을 안해도 거의 벽을 맞고 분사되는 것 같아요~ㅋ 그래서 엄마 드리고 저는 작은 걸로 사려구요~ 정말 조립도 간편하고 디자인도 깨끗하고 날렵해 보여요~ 기존의 선풍기 보다 키가 커서 침대사용하시는 분들이 좋겠어여~ 메이커 제품들보다 디지지않는 성능에 만족합니다~~",0,219,7,0,2
817,817,11stReview,윈드피아,선풍기,bin9***,2011.07.22,5,너무하신거 아닙니까? 이걸 만드시는 분들도 생각좀 해주셔야죠 이런 어의없는 싼가격으로 이런 제품을 받아 볼수 있다니요? 아~ 정말 대한민국 제조업의 미래가 안쓰럽습니다 16인치 정말 잘돌아갑니다^^ 리모컨도 하나 끼워서 판매하세요 비싸게 다른 일반 제품들은 거의 5~10만원 수준인데 어찌 이런 가격을~ 한 4만원 부르셨어도 당장 구매 하터인디 암튼간에 감사합니다,0,203,7,0,0
818,818,11stReview,윈드피아,선풍기,ekli**,2015.08.20,5,갑자기 선풍기가 고장나서 얼른 주문했어요~ 타이머 기능이 특히 맘에 드네요 ㅎㅎ 잘때 7시간 맞춰놓으면 아침에 딱 꺼져있어요 ㅋㅋㅋ 아기 있는집이라 수면풍도 좋구요^^ 메이커면 두배는 더 비쌀텐데.. 너무 싸서 혹시 중간에 고장나도 안아깝게 저렴한걸로 골랐는데 엄청 맘에 듭니다!!,0,157,5,0,1
823,823,11stReview,윈드피아,선풍기,rim2***,2015.08.18,5,전에쓰던 선풍기 목이 떨어져서 새로구매했어요~ 실제로보지않고 구매하는거라 좀 긴가민가했지만 가격대비 튼튼하고 이뻐요^^전에쓰던 선풍기는 바람이별로안시원했는데 이번에구매한건 시원하고 소리도조용하고 바람이멀리까지 잘오네요~ 잘사용할게요~ㅎㅎ,0,132,5,0,2
824,824,11stReview,윈드피아,선풍기,binc***,2013.05.30,5,"먼저 배송 빨랐구요 박스안도 완충재포장으로 긁힘없이 왔어요 조립도 쉬운편인데, 조금 무게감이 있네요 다 조립하고 가동~ 소음도 생각했던것보다 적고, 1단인데도 다른선풍기 2단 이상 이라는~~~ 무엇보다 엔틱하고, 고급스러운건 이 선풍기 따라오기 힘들듯 하네요 암튼 전체적으로 만족한 상품~~~",0,163,7,0,2
825,825,11stReview,윈드피아,선풍기,wnaa**,2011.06.30,5,선풍기 뒷면보고 완전!! 깜짝놀랐지만... 그래도 계속쓰니깐좋아요;;; 뒷면에서 이물질이 나올 듯 했지만 ~ 선풍기 끌고 다녀도 그렇지는 않네요~ 그런데 무거워서 이사할 때 문제이기는 하지만... 그리구 시간 조절하는 부분이 쫌 번거롭고 바람세기등에 있어서는 값만큼만 하는 것 같아요.. 그리고 모터 흔들림이 있답니당~,0,178,5,0,2
830,830,11stReview,윈드피아,선풍기,jinl*******,2020.07.28,5,여성도 쉽게 조립했으며 시원하고 소음도 적어서 너무 좋네요 가격에 비해 넘 좋은 상품이네요 ~~ 좋은상품 많이 파세요 짱~~~~ 단점 제가 본건 없어요 아이들도 저도 시원한 여름 보내리란생각에 좋네요,0,111,6,0,0
831,831,11stReview,윈드피아,선풍기,koz1**,2012.07.09,5,"기존에 사용하던거 사려고 했는데.. 아쉽게도 판매가 안되더라고요 ㅋ 품절!! ㅋ 그래서 뭘 살까 고민하다가.. 여기저기 둘러보니.. 가격대비 성능이 좋다는 평이 많아서 구입했어요 ㅎㅎ 배송은, 생각보다는 느렸구요 ㅋ 그래도 완전 느린건 아니었어요 ㅋ 조립은 간단해서 그냥 뚝딱했고.. 테스트해보니.. 바람도 세고 좋아요 ㅎㅎ 그런데.. 바람이 너무 세서 그런가 바람소리가 조금 큰듯해요 ㅋ 그리고 인터넷에서 본거보다.. 버튼 색깔이.. 조금 ㅋ 안예뻐요;; 뭐... 그렇게 이상한건 아니라 ㅋ 암튼 가격대비 만족합니다. :-)",0,294,5,0,0
833,833,11stReview,윈드피아,선풍기,ninz*****,2013.06.06,5,날개 7개인건 처음 써보네요 색깔 부터가 시원한 느낌이 들구요 크기는 작은듯 한데 방에 놓고 쓰기엔 적당하고 약하게 틀어도 꽤 시원하네요 요즘엔 일교차가 커서 바람이 차가울정도?^^ 그리고 처음에 배송이 잘못와서 문의했더니 제가 반품하기도 전에 다음날 바로 새물건 왔더라구요 배송도 빠르고 이가격에 이정도면 완전 만족해요^^,0,181,5,0,0
845,845,11stReview,윈드피아,선풍기,ekfd****,2014.08.07,5,나에게선풍기 님이 사라지고 난뒤.. 다시금 구입하겠노라..다짐 하고 구입을 할려고 돌아당긴 끝에.. 저렴한 가격에 구입한 선풍기.. 날개가 7개라 그런지 정말로 시원하구 좋네여.. 예전에 고장난 선풍기는 대충 하여서..어찌 내방에 선풍기가 풍년이네.... 근데 지금은 쓰고있는것은 오늘 배송이된 선풍기.. 배송도 빠르고 무지 맘에 드네여.. 번창하세영..,0,198,0,0,5
847,847,11stReview,윈드피아,선풍기,nobl********,2011.07.14,5,공부방을 하는데 에어컨은 있는데 선풍기가 없어서... 찾다가 구매했습니다. 3만원도 안되는 가격에 큰 선풍기에 리모콘까지~~ 정말 대박상품이 아닐 수 없습니다. 리모콘이 조금 조잡한 느낌은 있습니다만... 전원이라던가 등등의 위치가 급조한 듯한... 하지만 기능은 아~~무 이상없이 잘만 됩니다. 마트에 가도 작은 선풍기 3만원 넘는데 큰 사이즈로 득템했네요,0,200,4,0,3
848,848,11stReview,윈드피아,선풍기,kstl****,2015.07.13,5,"윈드피아 선풍기 작년에 쓰던 선풍기가 사망하셔서 급하게 선풍기를 구매하게 되었습니다. 쇼킹딜을 자주 애용하는데, 다행히도 선풍기가 있더라고요. 제가 찾는 옵션은 두가지 첫째,애기들이 있어서 초미풍이나 미세풍이 되는 제품 둘째, 리모콘이 있는 제품 이렇게 찾다가 찾은것이 윈드피아 선풍기네요. 가격도 참 착하고 잘 산것 같습니다. 선풍기 필요하게되면 또 구매할께요.",0,203,0,2,6
860,860,11stReview,윈드피아,선풍기,kmy5*****,2020.07.11,5,소음도 크지않고 미세풍 미풍 약풍 강풍 자연풍 다섯단계로 다양한 풍속이 있어 좋습니다 어르신과 쓸때는 미세풍으로 쓰시면 춥지않고 좋다고 하시네요~~^^ 버튼이 커서 발로도 충분히 조작가능하고 이 가격에 리모콘까지!! 아주만족합니다,0,128,6,0,0
862,862,11stReview,윈드피아,선풍기,soni**,2013.07.26,5,"정말 가벼워요 이렇게 가벼운 선풍기는 처음입니다. 가벼워서 이리저리 이동하기에 정말 부담이 없네요 그리고 풍속이 짱이에요. 1~3단까지 있는데, 1단이 마치 강풍처럼 시원해요. 단점을 굳이 찾으라면 선이 조 짧네요. 그래서 좀 웃겼요. 그것때문에 크게 불편하지는 않아요. 방이 그다지 넓은 편이 아니라서요... 여러면에서 적극 추천합니다. 아!!!! 가격이 정말 싸요^^",0,207,7,0,1
867,867,11stReview,윈드피아,선풍기,rose****,2013.08.09,5,조립도 간편해서 좋았구요 ㅎㅎ 비록 친구가 조립해줬지만. .. ㅋㅋㅋ 그리고 시원하고 180분까지 있어서 좋구요 ㅇㅅㅇ 특히 화이트여서 맘에드네요 ㅎㅎ 그리구~~~ 아!! 길이조절하는것도 아주잘되요 ㅋㅋ 버튼같은걸 꾹 누르고 늘리고 줄이고 아주잘되요 그리구 불빛도 아주잘 들어오구요 ㅎㅎ 밤에 선풍기에 걸려 다칠일없을것같아요!!! 많이 파세요!!,0,193,10,0,1
876,876,11stReview,윈드피아,선풍기,k23g****,2012.07.10,5,가격대에 믿기지 않게 좋은 성능!! 엄청 시원하구요~ 오래틀어놔도 모터가 뜨거워지거나 이상한 소리가 나지 않아요 보통 7시간정도 트는데 7시간 후에도 모터가 차가워요 그만큼 성능이 좋은 모터를 사용하였다는 의미겠죠? 타이머 역시 돌리는거라 걱정했는데(소음) 전혀 소음이 없고 조용해요 약풍으로만 틀어놔도 엄청 시원하구요 사고 후회안했습니다,0,189,6,0,0
897,897,11stReview,윈드피아,선풍기,albe******,2013.07.20,5,배송도 빠르고요~ 가격도 저렴해서 구매했어요~! 상품받았을때 색깔도 이쁘고 좋았는데 조립하고 보니까 냄새가 너무 많이 나서 방에서 틀기가 좀 그랬어요~! 하루종일 마루에서 틀어서 냄새를 없앴고요 지금은 너무 좋아요~ 새로 사시는 분들은 하루정도는 냄새나니까 환기시키고 하루종일 정도 틀어보면 냄새는 다~도망가요~~ 아주 이쁘고 가격도 저렴해서 적극 추천해요~!,0,201,11,0,0
910,910,11stReview,윈드피아,선풍기,popo****,2015.07.26,5,"완전 좋아요~ 두개를 구매했어요. 높은거 블랙색상 리모컨 있는거랑, 동일한데 미세풍 되는거 각각 써보려구요~ 근데 둘다 너무좋네요ㅠㅠ 여름에 선풍기가 이렇게 시원한건지 새삼느껴요! 열대야도 걱정없어요 ㅎㅎ 정말!!",0,119,5,0,1
916,916,11stReview,윈드피아,선풍기,egdw****,2015.06.11,5,좋네요^^ 전 침대에 쓰려고 일부러 키높이에 리모컨형 했는데요~ 블랙이라 뭔가 고급져보이고 리모컨형이라 사용하기 편해요~ 인치가 커서 그런지 바람도 더 쎄고 ㅎㅎ 높아서 침대에서 사용하기 아주 좋네요^^,0,113,6,0,0
917,917,11stReview,윈드피아,선풍기,pckp***,2011.06.27,5,감사합니다 선풍기덕분에 밤에잘때 이제 시원하게 잘수있게되었어요 대게 시원하구 배송도 빠르고 가격도 저렴하고 좋아요 다맘에들어요 감사합니다.더운여름 선풍기 하나사셔서 시원한여름보내세요~~~^^,0,106,5,0,2
920,920,11stReview,윈드피아,선풍기,hwan*****,2013.08.20,5,남편이 사무실에서 사용할 선풍기를 원했어요.. 오래 사용하고 싶은 생각에 집은 신일이나 한일로 구입했는데 사무실이라고 해서 가격이 좀 저렴한 걸로 찾다가 만난 제품^^ 근데 정말 좋아요~^^ 바람 시원하고 제품 외관 깔끔하고.. 남편이 무척 좋아했답니다.. 제품보고 저도 저렴하고 좋은 이걸로 구매할 껄 그랬나 후회도ㅋㅋㅋ,0,180,5,0,1
923,923,11stReview,윈드피아,선풍기,kerr******,2011.06.23,5,우선 빠른배송에 감사드립니다~ㅋ 가격이 저렴하여서 내심 걱정을 하였습니다만 받고나서 집에가서 조립하고 사용해보니 아주 흡족하네요^^ 크기도 딱 적당하고 맘에 쏙 듭니다. 제품에 가끔 하자가 있다는 댓글을 보고 요리조리 살펴보았는데 제 선풍기는 아무 하자가 없어서 좋았습니다^^ 많이 파시구 번창하세여~~~,0,170,8,0,1
925,925,11stReview,윈드피아,선풍기,jiyo********,2013.07.31,5,머리통이 쇠로 되있어서 괜찮네요~ 전에 싸서 산 선풍기는 날개끼우는 모든 모리통이 다 플라스틱이라 반품했는데 이건 괜찮아요~리모컨도 편하고 흰색이 깔끔하니 좋네요~강추합니다~^^,0,99,6,0,1
932,932,11stReview,윈드피아,선풍기,redi***,2013.08.11,5,선풍기를 십년만에 구입~! 16인치를구매~! 가정용ㅇ같지않게. 크더군요~! 벗 디자인도 이쁘고~! 단 선풍기 철망 부분 고정 플라스틱이 부서져서 와서 그냥 쓰고있답니다. 담당자분이 플라스틱좀 보내주세요,0,112,8,0,2
966,966,11stReview,윈드피아,선풍기,heo0***,2011.07.19,5,역시 실제로 보고 산것이 아니라 생각보다 조금 커서 보고 살~짝 당황햇지만... 그래도 바람은 시원하고 좋아요^^ 조립도 간편하게 할 수 잇엇구요~~ 여자분들도쉽게할수잇는..^^ 하얀색감이란 디자인도 너무에쁘구여^^,0,120,9,0,0
971,971,11stReview,윈드피아,선풍기,cool*****,2015.12.16,5,"성능 좋은 선풍기여요. 무더운 여름 선풍기를 사려고 하이**, 전자**...... 여기 저기 돌아다녔었죠.. 더움에 짜증나고 가격에 놀라 더 짜증나고 결국 구입하게된 선풍기 가격이 너무 싸서 성능과 견고함이 뒤지지 않을까 걱정했지만 고민 안녕~~ 엄청 시원하고 바람세기도 만족합니다. 좋은 제품 저렴하게 구입하게 해주셔서 감사감사~~~",0,187,9,0,3
975,975,11stReview,윈드피아,선풍기,grac******,2011.08.02,5,다른 곳에 비해서 정말 싸고 좋아요.. 한번에 여러대를 구입하게 되서 다른 곳에서 사기 너무 부담되서 이곳에서 사게됬는데. 가격대비 정말 만족이에요.. 밤에 안경까지 벗고 깜깜한 방돌아다니면 정말 잘 안보이는데. 선풍기에 불이 나오닌까~ 방을 대충 가늠하고 다닐수 있어서 좋아요 소리도 그렇게 시끄러운 편도 아니고~ 가격대비 만족입니다~^^,0,190,5,0,1
1026,1026,11stReview,윈드피아,선풍기,wwwa*****,2015.06.15,5,잘 받았습니다. 많이 파세요 ^^ 배송빠르고 잘됩니다. 소음이좀있긴한데..3만원짜리치고 외관도 고급스럽고(가격대비) 만족합니다! 시원해요! 근데 리모콘은 몸통쪽으로 정확히 조준해야,0,100,6,0,0
1031,1031,11stReview,윈드피아,선풍기,wowe****,2015.06.27,5,주문하고 이틀만에 배송도착했습니다!! 선풍기가 갑자기 고장나는 바람에 급하게 구매했지만 싼가격에 좋은 물건 산거 같아서 완전 대만족합니다!! 많이 파세요~~,0,87,6,0,1
1057,1057,11stReview,윈드피아,선풍기,ljy3***,2016.08.16,5,선풍기 분홍분홍한데다가 리모컨도 애기 발바닥 만해서 너무너무 귀엽더라구요 근데 성능도 가격에 비해서 너무 훌륭한거 있죠 소음에 민감하신 분들은 미풍도 소음이 쌘편이긴한데.. 저는 그냥 쓸만해요^^ 바람쎄기도 다른 선풍기보다 2배이상 쌘거 같구요!! 잘샀어요 ~~! 강추요!,0,152,8,0,2
1081,1081,11stReview,마이펫,간식,kjd0***,2021.06.16,5,배송이 늦을까 걱정했는데 다행이 빨리 와서 간식이 떨어지지 않았어요 ㅎㅎㅎ 한달에 한번은 무조건 구매하고 있네요~~~ 아이들이 여전히 잘 먹어줘서 너무 고맙네요~~~,0,92,6,0,1
1089,1089,11stReview,마이펫,간식,jokr******,2021.07.14,5,갯수맞춰서 잘 왔습니다 많이파세요~~~~~ 이렇게 구매하니 올프라인에서 구매하는 것보다 저렴하네요 집에서 편하게 받아볼 수 있고 좋네요,0,75,5,0,0
1090,1090,11stReview,마이펫,간식,11번가매니아,2021.07.11,5,애기가 엄청 좋아하네여 ㅎㅎㅎㅎ 배송도 빠르고 유통기한도 길어서!!!! 넘 만족합니다 ㅎㅅㅎ!!! 안전하게 잘 도착했습니당 ㅎㅎ 항상 먹던거라 잘묵네요>_<,0,87,9,0,0
1175,1175,11stReview,마이펫,간식,kjd0***,2021.06.27,5,한달에 한번은 꼭 구매해요~~~~ 아이들이 항상 잘 먹어줘서 열심히 구매하고 있네요~~~,0,49,7,0,0
1215,1215,11stReview,마이펫,간식,Ucity,2021.06.16,5,3개라 양도 많고 좋아요~~ 가격도 저렴해서 좋아요~~~,0,31,5,0,0
1258,1258,11stReview,마이펫,간식,shc2*************,2021.07.09,5,울 강쥐들의 최고의 간식~~ 넘 잘 먹어서 살찔까봐 걱정이예요!! 한번 주면 계속 달라고 떼부리네요~ㅎㅎ,0,58,5,0,1
1292,1292,11stReview,마이펫,간식,srou**,2021.07.13,5,힝상 우리 강아지들을 위한 대표 간식~~!! 요즘은 서비스도 잘 주시고 너무 좋아요~~~!!!! 감사합니다~!!!,0,63,15,0,1
1324,1324,11stReview,마이펫,간식,part**,2021.06.16,5,늘 주문하던곳 저렴하니 마구마구 담았고 우리아이는 많이 먹어서 살만 찌네유~~ㅋㅋ?>?< ?,0,51,7,0,0
1325,1325,11stReview,마이펫,간식,part**,2021.06.16,5,늘 주문하던곳 저렴하니 마구마구 담았고 우리아이는 많이 먹어서 살만 찌네유~~ㅋㅋ?>?< ?,0,51,7,0,0
1334,1334,11stReview,마이펫,간식,shor*****,2021.07.09,5,배송이 빨라서 급하게 사도 조급함이 없어요. 늘 감사합니다~~~~~,0,37,5,0,0
1423,1423,11stReview,마이펫,간식,얼굴미인영,2021.07.02,5,다사고싶은맘이네요~~~ 울도담이가다잘먹어요~~ 국산제품으로만구입하다보니 다양하게구입했답니다 ？오에용♡,0,56,5,0,0
1435,1435,11stReview,마이펫,간식,dldm*****,2021.07.06,5,믿고 먹는 소세지 !!!!!,0,15,5,0,0
1451,1451,11stReview,마이펫,간식,hyos*****,2021.07.07,5,울 강쥐 간식 아주 잘먹어요!! 배송도 빠르고 굿굿굿!!!! ?,0,35,7,0,1
1565,1565,11stReview,마이펫,간식,7년자취왕,2020.09.22,5,"""본 후기는 직접 상품을 구매하여 영상 리뷰를 작성한 후, 소정의 보상금을 지급받는 꾸루 활동으로 작성한 후기입니다."" 우리 밍키 간식을 리뷰해보았는데요!! 가장 잘 먹는 3제품는 영상으로 리뷰해봤어요!! 이곳의 장점:1. 가격이 싸다! 2. 다양하다. 3. 나가지 않아도 된다! 4. 배송이 빠르다 입니다!! 가격도 싸고 종류도 많아서 우리 밍키 간식 주기에 좋았습니다!! 그리고 한번씩 20%쿠폰도 주시더라구요. 저는 못 받았습니다만... 배송도 밤에 주문했는데, 다음날 저녁에 도착했어요!! 급할 때, 싸고 좋습니다. 이곳의 단점:1. 가격이 싼 만큼 크기가 작다. 2. 너무 선택지가 많아서....뭐가 좋은지 모른다 볼펜으로 표시를 해두었지만, 약간 크기가 다 작더라구요. 그리고 보시면 아시겠지만, 너무 종류가 많아서 진짜 고르는데만 한시간입니다.. 그것을 제외하고는 정말 좋습니다. 밍키가 잘 먹기도 하구요! 그리고 밍키가 나이가 조금 있어서 단단한 것은 리뷰를 하지 못 했어요!! 단단한 제품은 다른 분 리뷰도 참고해주세요!!",0,525,22,0,2
1568,1568,11stReview,마이펫,간식,sayj*****,2020.04.22,5,싼가격이라 맘 먹고 대량구매 했습니다~~~ 나중에 따로 사주다 보면 돈이 더~~~~ 들더라구요~~^^ 아주 맛나게 드십니다~~~^^,0,73,16,0,0
1578,1578,11stReview,마이펫,간식,S|10***************,2020.08.09,5,넘 질먹어용~^^배송도 빠르고 가격도 좋아서 여기서 간식주문하고 나면 참 든든하구 좋네용~^^,0,52,6,0,1
1597,1597,11stReview,닥터자르트,시카,귀요미양양♡,2021.06.18,5,제가 딱 찾던 제형 이에요! 향은 풀잎향이 나구요~ 제가 전에 쓰던 시***썬크림 제형이랑 비슷한것 같아요*_* 단종되서 못썼었는데 ㅜㅜ 첫째로 물놀이에도 지속되는 워터프루프 선크림이라서 좋았고 제형이 매우 맘에 듭니다~^^ 부드럽고 촉촉하게 스며드는 ... 전 지복합성 피부이지만 건성피부도 좋아하실 것 같구요~ 화장이 엄청 잘 먹을거 같아염*_* 유통기한도 여유있고 닥자 썬크림 하나씩 사보고 있는데 매우 만족이요~^^ 현재 닥자 썬중에 이 제품이 제 마음 속의 1위 입니다 ㅋ 그외의 느낌은 더 써봐야 알 것 같아용♡_♡☆,0,295,16,0,0
1598,1598,11stReview,닥터자르트,시카,곰곰,2021.07.14,5,톤업 플로이드는 마스크로 얼굴의 반을 가리고 생활하다보니 기초말고는 아무것도 바르지 않았는데 피부톤의 생기를 주는정도의 톤업이되고 마스크에 묻어나지 않고 묽은제형이어서 잘 펴발라지고 뭉침도 없어서 부담 없이 바를 수 있을것 같아요~ 모이스처라이징 선크림은 팔이나 목에 바르려구요~ 잘펴바르고 보니 반짝반짝 빛이 나요~ 푸석한 피부가 촉촉해보이더라구요~ 유분기가 많아서 인가?ㅋㅋㅋ 저한테는 좋더라구요. 둘의 단점은 용량!!! 샘플 주문한줄 알았어요..ㅠㅠ 너무 심하네요. 유효기간은 엄청 길어요~,0,277,9,0,0
1602,1602,11stReview,닥터자르트,시카,귀요미양양♡,2021.06.28,5,머드마스크 써봤는데 생각보다 너~~무 좋더라구요! 모공도 좁아지고 피부톤도 환해진 느낌적인 너낌! 구래서 주문했어요 ㅋㅋ 중요한날 전날엔 무조건 머드마스크 해야할 것 같은 ㅋㅋ 꼭 한번 써보세용~ 동생들한테도 하나씩 써보라고 주려구염^.~♡ 피부미인 되구파염~*_*☆,0,149,10,0,0
1607,1607,11stReview,닥터자르트,시카,zzzz***,2021.07.05,5,"바이옴 에센스 245ml 대용량 구매했어요 ~~ ^^ 속건조에 좋다고해서 구매해서 사용하고있어요~ 성분도 착하고 , 바르면 촉촉해요 ~ 너무 가볍지도 무겁지도 않아서 사용하기 적당해요 ~~ ^^",0,108,10,0,0
1613,1613,11stReview,닥터자르트,시카,silk***************,2021.07.13,5,닥터자르트 토너가족 만난 거 같은 느낌이 드네요 ㅎㅎㅎㅎ 큰용량서부터 작은용량에 마스크팩까지~^^ 샘플 써보고 넘 맘에들어서 샀는데 앞으로 토너는 시카패어 시리즈 로 정착하려구요^^,0,101,5,1,1
1630,1630,11stReview,닥터자르트,시카,alsw******,2021.06.15,5,빠른 배송으로 수령했으며 포장도 너무 꼼꼼하네요~~~ 피부에 자극 없이 바를 수 있어서 좋구요~~ 크림만 발라도 건조하지 않아요~~ 잘 바를게요!! 많이 파세요!!^^,0,93,13,0,0
1687,1687,11stReview,닥터자르트,시카,iami*****,2021.07.07,5,정말 촉촉한게 제가 찾던 로션이예요! 더운 여름에 무겁지 않고 좋은거 같아요!! 굿굿^^!,0,50,6,0,0
1705,1705,11stReview,닥터자르트,시카,qudt***,2021.07.15,5,향이 너무 좋습니다~아주 고오급진 풀향?허브향? 여름날씨에 너무 딱맞는 토너입니다. 분명 발랐는데 엄청 촉촉한데~~전혀 끈적거림이 없어요. 진짜 강추입니다~,0,87,6,0,0
1706,1706,11stReview,닥터자르트,시카,qudt***,2021.07.15,5,여행용이 있어서 너무 맘에 들어요~~ 펌핑형태로 되어있어서 사용하기도 편하고 향은 거의 없다시피해서 부담없습니다^^ 아주 촉촉하네요~~,0,75,6,0,0
1707,1707,11stReview,닥터자르트,시카,qudt***,2021.07.15,5,야외활동하고 나서 극강의 피부진정이 필요할때 쓰려고 쟁겨놨습니다~~ 아직 안써봤지만 기대합니다^^ 처음 써보는 고무팩~~ 내가 찾던 상품이었으면 좋겠어요,0,85,6,0,0
1724,1724,11stReview,닥터자르트,시카,leey****,2021.06.18,5,여름에 사용하기에 너무 좋은 미스트입니다~~ 자꾸 사용하게 되요~~ 가격도 저렴해서 너무 마음에 듭니다!!!,0,60,7,0,0
1757,1757,11stReview,닥터자르트,시카,Jennyhoon,2021.06.15,5,쓰던제품이라 재구매~ ~ 했어요^^~ 배송도 빠르고 좋아요,0,32,5,0,0
1762,1762,11stReview,닥터자르트,시카,shin****,2021.06.27,5,배송 진짜 빨라요^^ 하루 만에 왔습니다 추천해요~~!,0,30,5,0,0
1801,1801,11stReview,닥터자르트,시카,사고뭉치,2021.06.30,5,"여자들에게 있어 정말 끔찍하다는 그 속 건조에 겉 지성을 가진 최악에 피부를 소유 중입니다~^^; (여자들은 이해 하실 거에요. 비싼 유명 브랜드 화장품 한 번씩 써봤을 텐데 그런 것 다 저에겐 무용지물ㅠㅠ 선물을 받아도 못 쓰고 혹~시나 하고 써봤다간 오히려 병원 신세까지 피부과 약을 이곳저곳 달고 지내온 수십 년 동안도 완치란 게 없던 제 피부를 반 포기하고 삽니다.) 제 나이 또래들 거진 보면 브랜드 각각 어디꺼 좋더라~ 만나면 첫인사가 다들 -야 너 이뻐졌다. 피부 장난 아니다.- (저도 이 얘기 들어보고 싶었답니다ㅠㅠ) 많은 관심사 이야기를 할 땐 전 오로지 ????? 그러던 제가 요즘 당당하게 먼저 한마디 해줘용^^ - 시카페어~? ? 좋아^^ 내 피부 요즘 장난 아니잖아!! 피부과 다닌 것처럼 용 됐잖아 ㅋㅋㅋ- 시카페어 카밍 젤?! 지성인 내가 쓰기에 완죤 딱 좋아!! (일명)ㅋㅋ 개기름 끼는 증상 없이 시간 지나도 산뜻해서 지성피부 가진 사람들한테 극 추천~♡ 젤 타입이라 오히려 크림 보다 여드름이 심한 피부라면 유분기가 거의 없는 젤 타입으로 사용감이 더 산뜻한 느낌일 것에요. 저처럼 민감한 피부라면 피부 붉은 기 및 진정 효과가 있는 제품을 찾을 텐데요~^^ 이런 분들은 아마도 피부가 민감해지지 않게 유지하는 것이 중요합니다. (환절기 때 이런 건조함이 유지되면 피부 트러블이 생기더라구요.) 한 가지!! - 뽀인트 - 여드름이 심한 피부라면 유분기가 거의 없는 젤 타입을 사용해? 피부의 수분을 채워주는 것을 추천드려요^♡^ 2주간 꾸준히 사용해 본 제 피부에 변화를 눈으로 직접 확인해 보셔도 확연히 차이가 조금 생긴 게^^; ?피부톤 자체가 조금 맑고, 칙칙하던 피부 결이 한층 매끄러워진 것을 볼 수 있습니다. 사용하단 기간 중 여드름 / 트러블이 중간중간 올라올 때가 있었는데 시카페어 젤을 (이건 나만에 특급 노하우!!) ☆시카 젤을 먼저 깨끗이 소독된 작은 물 약통/ 혹은? 화장품 (다*소-미니 화장품 케이스 구매)통에 적당량을 덜어 준다. ☆덜어 준 작은 통(시카 젤)에 매직으로 날짜를 기재해냉장고에 넣어 둔다. ☆얼굴에 여드름이나, 트러블이 간혹 올라올 때 냉장고에서 시카 젤을 꺼내 시원하게 부위에 집중 케어해준다. 물론 평소와 다를 바 없이 사용하셔도 좋지만 시카 젤을 시원하게 해서 진정성 효과로 극일일 처방처럼 전 사용해 봤더니 아주 탁월한 선택이었던 거 같아 공유해드립니다. 직접 느끼고, 효과가 있다 하는 건 원래 공유하고픈 맘~~ 그런 거 ^^ 이번 2주간 프로젝트 참여로 저 역시 다시 한번 제 피부에 대해 정확하게 알 수 있었던 거 같고, 시카 젤과 더 가깝게 피부가 맞아 내 선택에 대한 결과에도 만족합니다~♡ 피부로 고민하고, 스트레스 받고 계신 많은 분들 계시다면. 이 글을 꼭 한번 끝까지 읽어 보시길 바랍니다.",0,1394,67,0,8
1822,1822,11stReview,닥터자르트,시카,ysb1************,2021.07.11,5,좋다고그래서 저렴하게 딜뜰때 구매해봤어요~~ 중딩아이가 쓰기에 순하고 괜찮은거같더라구요 여름이라 수딩으로 샀는데 가을되면 도 꾸덕한걸로 구입해야겠어여~^^,0,86,5,0,0
1846,1846,11stReview,닥터자르트,시카,hmj7**,2021.06.28,5,가볍게 온 몸에 뿌려요~~여름철 다른 바디로션마르는 것보다 좋아요~ 빨리 없어지긴 하지만 1+1이라 부담없이 뿌려요~,0,65,5,0,0
2103,2103,11stReview,닥터자르트,시카,sera******,2020.11.16,5,"@ 배송 하루만에 옴 @ 제조 2020, 유통기한 2023까지로 넉넉한거 보내주셨어요. @ 티트리수딩스팟 15ml, 마스크때문에 여드름 난데 괜찮을까 하고 구매했습니다. 결과는 대만족ㅎㅎ 자기전에 바르고 일어나면 붉은기 잡아주고, 올라오려던 여드름도 들어가네요. 이미 뜯은 곳에는 딱지가 져요. @ 단점: 핑크스팟인만큼 핑크 파우더가 묻어서 아침저녁으론 못바르는게 좀 아쉬워요. 면봉은 별매고, 15ml라 금방 다쓸거같아 한통 더 쟁였어요. @ 비포애프터 영상으로 찍었으니 궁금하신분들은 확인해주세요! 직접 정성껏 작성한 리뷰입니다. 도움되셨다면 꾹! 한번씩 부탁드려용",0,318,8,0,0
2104,2104,11stReview,닥터자르트,시카,dmsr****,2020.05.10,5,"★ 리뷰는 향, 점도, 무게감, 수분량 순으로 정리 했습니다 ★ 1. 펩타이딘 세럼 블루에너지 [레몬에이드 향] #촉촉 #부들부들 #수분만땅 #에너지공급 끈적거림이 없고 가벼운 느낌! 수분이 폭발해요 ㅋㅋ 2. 시카페어 크림 [식물원에 간듯한 향] #구원크림 #집중회복 #트러블진정 끈적거림 보통! 피부에 막이 생기는 느낌이 나요 진정효과가 매우 좋답니다 ㅎㅎ 3. 바이옴 워터크림 [처음 맡아보는 향이랄까?] #탱글수분크림 #수분공급 #수분부스팅 끈적거림이 조금은 있어요! 무더운 여름에도 OK! 촘촘하게 수분을 공급해줘서 매우 만 ~ 족 ★ 기리니의 Dr. Jart+ 내맘대로 리뷰 끗! ★",0,332,24,0,1
2107,2107,11stReview,닥터자르트,시카,보링리,2020.10.03,5,"본 후기는 직접 상품을 구매하여 영상 리뷰를 작성한 후, 소정의 보상금을 지급받는 꾸루 활동으로 작성한 후기입니다. 이번에 제가 소개해드릴 제품은 닥터자르트의 세라마이딘 립페어 입니다! 이건 진짜 제가 평소에도 정말 잘 쓰는 립밤인데, 11번가에서 엄청 저렴한 가격에 판매하길래 두 개나 쟁여버렸어여ㅠㅠ 진짜 촉촉한데 끈적이거나 기름지지 않아서 좋아요! 밤에 자기전에 발라놓고 자면 아침에 일어나서 슥슥 각질만 제거해주면 돼요! 요새 점점 날씨가 추워져서 입술도 건조해지는데 이 립밤 덕분에 입술 틀 걱정없이 안심해도 될 것 같아요!! 지금까지 11번가 꾸루 3기 보링리였습니다!",0,324,6,1,0
2110,2110,11stReview,닥터자르트,시카,ndh6**,2020.04.06,5,"제 피부 타입은 +악건성, 민감성+ 닥터자르트 사용한지 3년인데 지금은 피부 좋다는 소리를 정말 자주 들어요ㅎㅎ 피부과에서도 결이 너무 좋다면서요ㅎ ♡시카라인은 전체적으로 피부를 튼튼하게(?) 만들어주는 느낌이에요 시카세럼은 소문이 자자 하니까요~~ 저는 시카덕에 민감하면 나타나는 좁쌀여드름 싹 사라지고 결이 깨끗해졌어요 ♡바르면 속부터 촉촉한 느낌이 들어요 겉만 기름진 느낌드는 제품들이 있잖아요 시카세럼은 속부터 촉촉하니까 확실히 주름에 색조끼임도 사라지고 넘 좋아요 & 어느날 친구와 피부 얘기하다가 '너 혹시 닥터자르트 시카페어 알아?' '어?! 나도 그거써ㅎㅎ' 이랬다는 에피소드가 있네요ㅎ 사실 3년전에 제 피부는 늘 푸석거리고 너무 건조해서 아토피 올라오듯이 불긋하며 하얀 각질들이 자주 일어나면서 엄청 따끔거렸어요ㅠㅠ 화장이라도 하면 건조한 피부로인해 생기는 주름들사이에 끼는 색조ㅠㅠ 그리고 하얀 각질들이 다 올라왔었죠ㅠㅠ 매번 늙어보이고 아파보인다는 소릴 들었어요ㅠ 그래서 세라마이드 성분이 들어간 제품을 사용하라는 피부과의 추천으로 이런저런 로션을 사용하다가 닥터자르트의 세라마이딘 라인을 구매해서 사용했어요 그런데 세상에~~ 이전의 그런 피부상태들이 정말 신기하리만치 개선되는거에요 그래서 그 이후로는 계속 닥터자르트만 사용합니다 그런데 1년 사용하고부터 피부가 너무 좋다는 소리 듣습니다ㅎㅎ 아는 지인중에 화장품 방판 하시는분이 저보고 피부가 넘 좋다고 뭐쓰냐고 자기가 파는것만 좋은줄 알았더니 엄청 좋은거 쓰나보다고 그러는거 있죠ㅎ",0,760,17,4,5
2111,2111,11stReview,닥터자르트,시카,iceq*******,2020.04.15,5,"닥터자르트 세라마이드 라인 사용해보고 보들보들하면서 환해지는 느낌, 확실히 속까지 차오르는 느낌이 좋아서 사용하면서 핑크세럼도 만나게 됐어요^^ 로고 그대로 지친 피부에 힘을 실어주는 세럼으로 세라마이드 세럼이랑 돌아가면서 사용하고 있어요. 미백마스크와 필링마스크 할인하기에 구입해봤는데 동영상 올린 필링마스크는 참 독특했어요. 슈가알갱이로 스크럽해주고 시트를 붙이니까 톡톡 터지는게 슈팅스타 터지는 소리가 나면서 상쾌해지더라구요. 근데 색이 변하면서 각질을 부드럽게 해준다고 쓰여있는데 시트 색이 변하지않아서 터지는 소리가 줄어들때 떼었거든요. 미온수로 닦아내는데 너무 미끄덩거려서 ㅠ 클렌징으로 여러번 닦아냈어요.필링마스크가 요게 맞는건가요? 검색좀 해봐야겠다는 ㅎㅎ;; 여튼 부드러운 필링을 원하시는분은 한번쯤 해보셔도 좋을듯해요. 많이 당기지 않으면서 깔끔한 느낌이네요^^ 다음으로 닥터자르트 세라마이드 라인으로 촉촉하게 발라주면서 핑크세럼 패키지에 담겨있는 시카페어 나이트 리페어로 마무리해줬어요. 리퀴드는 시작하는만큼 부드럽게 흡수되면서 세럼으로 조금더 촉촉하게 속을 채워주고 크림으로 장벽을 만들어주면서 더욱더 탄탄한 피부를 만들어주는게 느껴져서 요즘 지인들께 강력추천하고 있답니다 ^^ 처음 사용한 시카페어라인은 특유의 치료제 향이 느껴지는데 왠지 치유받고 있는것같아요. 회복마스크라고 쓰여있는데 수면팩처럼 사용되나봐요. 확실히 피부를 감싸주는 느낌이 남다르네요. 닥터자르트 다른 라인들도 전부 사용하고싶을정도로 궁금해져요. 최고의 피부상태를 만들기위해 건강한 닥터자르트와 함께할게요^^",0,784,9,4,2
2112,2112,11stReview,닥터자르트,시카,eksq*******,2020.11.05,5,닥터자르트 정말 좋아하는 브랜드라서 얼마전에 올리브영 세일때 시카 크림이랑 세럼 앰플인마스크랑 두개씩 쟁여놨는데 너무 좋아서 공식홈페이지도 들어가서 구경하다가 토너도 구매하고 여기저기보다가 앰플도 이백개넘게 구매해서 쟁여놨었어요 이런 행사가 있는걸 발견하고 이건 진짜 사야된다! 하면서 또 바이탈 하이드라 솔루션 바이옴 에센스를 큰사이즈로 쟁여놓았답니다ㅋㅋㅋ진짜 바이옴에센스는 닥터자르트 유투브에서 후기찾아보다가 진짜 너무 사고싶었지만 돈이 없었기에 나중에 토너랑 세럼 다 쓰고 써봐야지 계속 생각했었어요 이번에 좋은 기회에 진짜 너무 사고싶었던 제품 써봅니다♥♥이런 행사를 조금 일찍 알았으면 더 좋았을텐데요!! 그래도 진짜 끝나기전에 본것만으로도 너무 행운이에요!! 유튜브랑 블로그에서 진짜 후기 많이 봤었는데 발효에센스라 냄새가 안좋을수있다는 글을봐서 걱정을 했는데요 전혀 저랑 잘맞는건지 냄새가 거의 없는거처럼 느껴질뿐 괜찮았아요!! 저녁에 세안하고 두세번 레이어해서 바른 다음에 왕창 사논 닥터자르트 캡슐앰플 듬뿍바르고 자면 너무 좋을거같아요!! 에센스에 블루샷 넣는것도 너무 설레고 좋아요 블루샷넣고 흔들면 동영상에서처럼 뽀글뽀글 기포가 올라오는데 더 신선한 느낌이고 좋아요!!꼭한번사용해보세요!! 완전만족합니다! 진짜 시카크림이랑 세럼도 더 쟁여놓고싶은거 겨우겨우 참았어요ㅋㅋㅋㅋㅋ번창하세요~,0,674,15,3,2
2113,2113,11stReview,닥터자르트,시카,jung*****,2020.11.06,5,1. 구입일시: 11/4 수 2.. 배송완료: 11/6 금 3. 구입동기: 닥터자르트에서 십일절 기간에 적립금도 많이 주고 구성품도 풍부하여 구입하였습니다. 4. 제품사용기: 기초라인이 다 떨어져서 토너도 필요하였는데 복합지성인 저에게 시카케어 라인이 맞을 것 같아서 구입하였습니다/ 예전에 샘플로 써서 만족했었는데 좋은 기회에 1+1 으로 4개 구입하였습니다. 진정효과 좋고 제형은 묽어서 답답하지 않아 좋아요 제조년월일도 2020.7월에 유통기한 2023.7월이라 그전에 다 쓰겠지만 넉넉해서 좋네요 10만원 이상 구매하면 파리바게트 케이크 교환권도 주고 금액대 사은품도 있으니 정말 만족한 구매입니다. 재구매의사 있어요~!,0,351,10,1,1
2114,2114,11stReview,닥터자르트,시카,ange*******,2020.11.04,5,저는 닥터자르트 시카페어세럼을 만나고 난 뒤 기초 라인을 전부 닥터자르트라인으로 정착했는데요! 십일번거 통해서 항상 저렴하게 구매하고 쟁여두고 있습니다 :-) 지금 루틴은 세안 후 바이옴 토너 바이옴 워터크림으로 유지중입니다! 영상에서 보신것과 같이 바이옴 워터크림의 경우 굉장히 촉촉합니다. 마무리가 미끌거리는 느낌이 싫은 저에게는 정말 딱이었어요! 거기에 시간이 지나면 자연스럽게 스며들어 촉촉함을 유지해줬구요! 가끔 피부에 트러블이 올라오거나 올라올 느낌이면 루틴이 조금 달라지는데요! 시카 슬리페어 마스크를 추가해줍니다! 요건 동영상 보시듯이 약간 끈끈함이 있기는 하지만 요 제품고 시간이 지나면 어느정도 끈적임이 사라져요!정말 정말 좋아요!!!! 제가 친구들에게도 선물해주기도 하고 ♡추천을 많이 해주는 제품♡입니다! 효과가 다음날 바로 나타납니다! 예민한 제 피부에는 따갑거나 아프지도 않아요. 또 용량은 어찌나 많던지! 줄어도 줄지가 않아서 행복합니다! 가성비 대비 효과 대박입니다♡ 여러분도 촉촉하고 깨끗한 피부로 닥자하세요 :-),0,529,21,2,2
2116,2116,11stReview,닥터자르트,시카,꾸꾸,2020.02.25,5,전 샘플써보고 너무좋아서 샀던건데... 샘플이랑 본품이랑 다르네요?... 너무묽어서 영상찍어보다가 당황함...;;;; 샘플은 흐르지않는 초록점이 선명한 선크림인데..본품은 흐를랑말랑한 질감에 초록점도 적네요... 향이나 사용감은 비슷한듯.. (2020.3.14.수정-개봉하고 두세번 쓰고나니까 샘플이랑 똑같은 점성으로나오고 똑같이 품질좋습니다!) 이제품 끈적임1도없고 향도좋고 자극없고 뽀송하지만 촉촉한 선크림이에요. 백탁이 좀 있어서 흰피부이신분들 파데 22호쓰시는 분들 까지만 추천하고싶어요. 향이 완전 자연적인 냄새예요. 선크림 특유의 실리콘냄새같은거 없어요 풀냄새만 나요.. ☆ 진짜 맘에드는거 코에 피지안올라옴... 피지흡착기능있다는 화장품들 말뿐인게많은데 진짜 피지흡착기능제대로인지 피지안올라오고 오전에서 오후까지 뽀송뽀송하게 유지시켜줍니다.... 6통이나샀어요...진짜 좋습니다. 그리고 그린캡슐이있다보니까 마스크끼니까 초록색으로 묻어나요ㅋㅋㅋㅋㅋㅋㅋ 선크림은 개봉후 산화가잘되는걸로 알아요. 50ml보다 35ml 를 쓰시는게 가격면에서도 더 좋고 사용면에서도 좋네요!skpay point 적립까지 치면 35ml한통에 5천원도 안되게 삼... 친구들한테도주고 잘쓸게요!,0,605,7,0,0
2117,2117,11stReview,닥터자르트,시카,Minimal Pick,2020.04.04,5,"닥터자르트 시카 카밍 젤크림,시카 수분 크림~~ 최애템,재구매템,쟁여템,선물템 ♡♡♡ (유해 성 분0%,기능성,안티에이징,80ml,착한 전성분,착 한 가격,갓성비,재생,진정) 써보고 효과 좋아서~ 지인들 선물템 ♡♡♡ 호불호가 크게 없어서,선 물템으로도 좋아용!!! 11번가~~ 닥터자르트 역 대 최저가 가격 혜택인듯 ♡♡♡ (착한 가격대 혜택으로 득템) 제조 2020.3~유통 기간 2023.3 넉넉 제품임 ♡♡♡ 스킨케어 화장품은1개월~3개월이상 써보면,효 과가 있는지 알수 있는데,수분감이나 재생,진정, 발림성,흡수력,향 등등~~모두 만족해용 ♡♡ 닥터자르트의 시그니처~라인들중에 시카 크림 을 샘플과 본품 써봤는데,저한테는 시카 카밍 젤 크림이 굴템,최애템임!!! 시카 크림은 시어버터 제형으로 번들거림없이 리 치한 마무리감이고,젤 크림은 번들거림없이 촉촉 한 수딩 젤 수분 크림 마무리감 ♡♡♡ 닥터자르트 (뉴욕 세포라 백화점 입점,에스티로 더사에 인수된~글로벌 더마 코스메틱) 시그니처 ~라인인 시카페어~라인 (병풀 추출물,마데카소 사이드,2중 미백 주름 기능성 화장품,안티에이징 ,진정,재생,유해 성분0%) 시카 열풍으로 시카 성분들 (병풀 추출물,마데카 소사이드) 진정,재생 화장품 선호함 ♡♡♡ ● 나의 피부 타입 (복합성,민감성) 루틴 복합성,민감성 피부로 T존 지성,U존 건성 여드름,트러블성 피부는 아니지만,피부 재생을 위해 시카 크림을 씀 (재생 제품) ※나의 스킨케어 루틴!!! 모공,각질케어(스킨,토너)-비타민 항산화 케어( A.C.E♡고분자 히알루론산)-재생 수분 크림 이 나 보습 크림(페이스 오일 섞거나 마지막 단계에 서 한번 오일 보습막으로 마무리) 2~3단계 스킨 케어 ● 시카페어 카밍 젤크림(80ml)전성분,주성분,유 해성분0%,효과 ※주성분(병풀잎수76%첨부,전성분들중~1번째순서) 병풀 추출물,마데카소사이드(진정,재생)센 델라 아시아티카 콤플렉스(민감해진~피부 진정 ,촉촉,수분 공급) ※나이아신아마이드(미백),아데노신(주름 개선) (2중 미백 주름 개선 기능성 화장품 인증,안티에 이징 화장품) ※라벤더 오일(향) ※1.2헥산다이올,1.2헥산디올(천연 방부제) ※소듐하이알루로네이트(고분자 히알루론산),글 리세린~수분,보습,피부 장벽 보호 ※ 효과(진정,재생,안티에이징,수분,보습) 진정,재생,미백 주름에 좋은 시카 페어 카밍 젤 크림임 ♡♡♡ 얼굴에 뾰루지나 트러블,얼굴 붉어짐에 진정,재 생 효과가 뛰어난 성분들이 첨부되어 있어~알로 에 성분처럼 진정,재생에 매우 효과가 있고,~피 부가 진정,촉촉,재생이 빨라진것 같음!!! 트러블이나 뾰루지날때,시카 젤 크림이나 알로에 젤로 수면팩하듯 도톰하게 바르고 자면~그 다음 날 쏘옥 뾰루지나 트러블이 진정 ♡♡♡ 거기에 주름에도 좋은 아데노신 성분 첨부(안티 에이징,주름 개선 효과) ● 향,컬러,제형,발림성,흡수력 병풀잎수76%+라벤더 오일 성분이 첨부(은은한 라벤더 향+후레쉬한 풀향) 반투명 그린 컬러의 젤리 수분 제형으로 발림성 부드럽고~피부에 빠르게 흡수되어 촉촉함!!! ● 추천 피부 (Tip) 수부지 피부나 지성용,여드름,민감성에 적합한 진정,재생 젤리 수분 크림이나~복합성이나 건성 피부에~써도 무방할듯함!!! 남성분들도 추천하고픈 가벼운 사용감과 효과!!! (진정,가벼운 수분 크림,재생 ♡♡♡) ● 용기,디자인 개인적으로 크림류들은 튜브 타입을 선호하는데, 닥터자르트 크림들은 대부분 위생적이고 실용적 인 튜브 타입이라 너무 마음에 듬 ♡♡♡ ● 가성비,시카 젤리 크림 비교 브랜드 제품들 시카 수딩 젤리 크림으로 유명한 닥터.* 레드 블 레미쉬 클레어 수딩 크림(50ml)보다 용량도 많 고,전성분들중에 1번째 성분이 병풀잎수76%이 고,병풀추출물,마데카소사이드~등등 전성분들 이 닥터자르트 시카페어 카밍 젤 크림 성분들이 좋은것~같고,위생적인 튜브타입 용기에 용량도 더많음!!! 닥터자르트 시카페어 카밍 젤 크림(80ml)와 전 성분들이 가장 흡사한 느낌의 시*물 마다가스카 르 리얼 수분 크림(80ml)과 카밍 젤 크림(80ml) 이 세일때,가격,패키지 구성이 좋은듯 ♡♡♡ 시카페어 카밍 젤 크림(80ml)+시카페어 마스크( 25g,1장)+시카 페어 카밍 젤 크림(5ml) 역대 최 저가 가격대 혜택인데,사은품 구성은 전보다는 줄어음ㅠㅠㅠ ● 포장,배송 업체의 꼼꼼한 에어백 상품 충격 방지,깔끔 안전 배송으로 빠른 배송 되었음!!! ● 아쉬운 점,바라는 점 시카페어 카밍 젤크림이 건조한 날씨에는 사용감 이 건조할 수도 있음(건조한 계절에는 호호바 오 일,로즈힙 오일,아르간 오일,엑스트라버진 코코 넛 오일들 중~1개를 선택해서,믹스해 바르거나 ~마지막 스킨 케어 단계에 오일로 마무리하면 좋 음!!!) 닥터자르트 브랜드에서 100%로즈힙 오일,아르 간 오일,호호바 오일 등등의 천연 오일들과 안정 화된 항산화 비타민C,비타민A,비타민E 앰플들 도 제조 판매했으면 좋겠음 ♡♡♡",0,2406,145,8,20
2123,2123,11stReview,닥터자르트,시카,ljan****,2020.04.03,5,배송엄청빠르네용! 이번에 새로운게나왔길래 뭐지했는데 올인원으로된 선크림이 나왔네용! 평소에 스킨에센스앰플로션크림까지 바르기귀차나하는 1인인데 이렇게 좋은게 나와서 얼른 구매...! 오자마자 뜯어보니 큰 샘플링키트봉지랑 시카페어 시트마스크가 같이들어있었네용 잘 써보겠습니당 일단 앰플은 2020.03.23제조/2023.03.22까지에용 충분히 사용하고도남는기간...! 근데 아쉬운점은 얼만큼썼는지 안보이는점...? 선크림치고 생각보다 묽다(?)앰플이랑 섞여서그런가..? 그래서 흡수력만족합니당:) 끈적이지 않는것같아용:ㅇ 일단 잘 사용해보고 좋으면 재구매하렵니당:),0,315,15,0,1
2124,2124,11stReview,닥터자르트,시카,네모네모무지개,2019.08.09,5,시카페어 토너 2주 이상 사용한 후 후기입니다. 저는 평소에 닥터자르트 시카페어 세럼을 사용하던 중 토너도 한 번 바꿔보고 싶어서 시카페어 토너를 구입하게 되었어요. 토너가 나오는 방식이 특이해서 신기하다 생각하고 있었는데 계속 쓰다보니 굉장히 위생적인 용기인 것 같다는 생각이 틀었어요. 그리고 제가 여드름이 원래 크게 나는 편이 아닌데 요새 들어서 큰 여드름이 나서 걱정이었는데 이 토너를 쓰고 나서 점점 가라앉더니 지금은 깨끗해졌어요. 제 피부가 시카 성분과 잘 맞는 것 같아요!! 앞으로 쭉 닥터자르트 시카페어 토너 사용할 예정입니다!!,0,304,4,2,5
2126,2126,11stReview,닥터자르트,시카,Minimal Pick,2020.01.07,5,"닥터자르트 시카 페어 카밍 젤크림(유해성분0%, 80ml)써보고 좋아서,행사딜때~쟁여둠 ♡♡♡ 닥터자르트(K뷰티,뉴욕 세포라 백화점 입점,글로 벌 더마 코스메틱)시그니처~라인인#시카페어~ 라인(병풀 추출물,마데카소사이드,2중 미백 주름 기능성 화장품,안티에이징,진정,재생,유해성분0 %)들중~#시카페어 카밍 젤크림(80ml,유해성분 0%) 애정템임 ♡♡♡ 시카 열풍으로 시카 성분들 (병풀 추출물,마데카 소사이드) 진정,재생 화장품 선호하는데,글로벌 하게 미국.뉴욕 타임 스퀘어 세포라 백화점 입점 과 뉴욕.타임 스퀘어 옥외 광고를 한 글로벌 더마 코스메틱 브랜드 닥터자르트 글로벌~에스티로 더에 인수되어 세계적 브랜드로 성장하는 닥터자 르트 브랜드임 ♡♡♡ ● 나의 피부 타입(복합성,민감성) 복합성,민감성 피부로 T존 지성~U존 건성 여드름,트러블성 피부는 아니지만,피부 재생을 위해 시카 크림을 씀 (재생 기능성 제품) ● 시카페어 카밍 젤크림(80ml)전성분,주성분,유 해성분0%,효과 ※주성분(병풀잎수76%첨부,전성분들중~1번째순서) 병풀 추출물,마데카소사이드(진정,재생)센 델라 아시아티카 콤플렉스(민감해진~ 피부 진정 ,촉촉,수분 공급) ※나이아신아마이드(미백),아데노신(주름 개선) (2중 미백 주름 개선 기능성 화장품 인증,안티에 이징 화장품) ※라벤더 오일(향) ※1.2헥산다이올,1.2헥산디올(천연 방부제) ※소듐하이알루로네이트(고분자 히알루론산),글 리세린~수분,보습,피부 장벽 보호 ※ 효과(진정,재생,안티에이징,수분,보습) 진정,재생,미백 주름에 좋은 시카 페어 카밍 젤 크림임 ♡♡♡ 얼굴에 뾰루지나 트러블,얼굴 붉어짐에 진정,재 생 효과가 뛰어난 성분들이 첨부되어 있어~알로 에 성분처럼 진정,재생에 매우 효과가 있고,~피 부가 진정,촉촉,재생이 빨라진것~같음!!! 트러블이나 뾰루지날때,시카 젤 크림이나 알로에 젤로 수면팩하듯 도톰하게 바르고 자면~그 다음 날 쏘~옥 뾰루지나 트러블이 진정 ♡♡♡ 거기에 주름에도 좋은#아데노신 성분 첨부(안티 에이징,주름 개선 효과) ● 향,컬러,제형,발림성,흡수력 병풀잎수76%+라벤더 오일 성분이 첨부(은은한 라벤더 향+후레쉬한 풀향) 반투명 그린 컬러의 #젤리 수분 제형으로 발림성 부드럽고~피부에 빠르게 흡수되어 촉촉함!!! ● 추천 피부 수부지 피부나 지성용,여드름,민감성에 적합한 진정,재생 젤리 수분 크림이나~복합성이나 건성 피부에~써도 무방할듯함!!! 남성분들도 추천하고픈 가벼운 사용감과 효과!!! (진정,가벼운 수분 크림,재생) ● 용기,디자인 개인적으로 크림류들은 튜브 타입을 선호하는데, 닥터자르트 크림들은 대부분 위생적이고 실용적 인 튜브 타입이라 너~~~무 마음에 듬 ♡♡♡ ● 가성비,시카 젤리 크림 비교 브랜드 제품들 시카 수딩 젤리 크림으로 유명한 닥터.* 레드 블 레미쉬 클레어 수딩 크림(50ml)보다 용량도 많 고,전성분들중에 1번째 성분이 병풀잎수76%이 고,병풀추출물,마데카소사이드~등등 전성분들 이 닥터자르트 시카페어 카밍 젤 크림 성분들이 좋은것~같고,위생적인 튜브타입 용기에 용량도 더~~~많음(+30ml) 닥터자르트 시카페어 카밍 젤 크림(80ml)와 전 성분들이 가장 흡사한 느낌의 시*물 마다가스카 르 리얼 수분 크림(80ml)과 시*물 센텔라 에션셜 (165ml)크림을 비교해도 닥터자르트 시카페어 카밍 젤 크림 (80ml)이 세일때,가격,패키지 구성 이 좋은듯 ♡♡♡ 시카페어 카밍 젤 크림(80ml)+시카페어 마스크( 1장)+시카페어 토너(5ml)+시카페어 크림(5ml) +시리즈 밴드(15매입)+바이옴 에센스(15ml)+ 바이옴 크림(20ml) 유통기간들은 2022.~까지 비슷 비슷한 날짜임~ 가성비 최강 구성의 행사 딜 가격 득템 ♡♡♡ ● 포장,배송 업체의 꼼꼼한 포장(2중 에어캡,에어백)과 정성 이 느껴질만큼~세심한 배려 ♡♡♡ (고객 감동 서비스)깔끔 안전 배송으로 빠른 배송 ● 단점,아쉬운 점,바라는 점 시카페어 카밍 젤크림이 건조한 날씨에는 사용감 이 건조할 수도 있음(건조한 계절에는 호호바 오 일,로즈힙 오일,엑스트라버진 코코넛 오일들 중~ 1개를 선택해서,믹스해 바르거나~마지막 스킨 케어 단계에 오일로 마무리하면 좋음!!!) 구매한 패키지 구성들에 세라마이딘 크림도 있었 으면 더 좋았을 듯ㅠㅠ 써보고 싶었는데ㅠㅠ 닥터자르트 브랜드 가격대가 평소에는 높은편(요 즘 전성분들이 좋고,거품 빠진 착한 가격대가 많 아서)이어서~세일 행사,특가 행사때 쟁여두어야 함!!! 닥터자르트 자체 연구,개발 제조 시스템으로 개 선하여~더 퀼리티 높은 효과~좋은 더마 코스메 틱 화장품 많이 개발 제조해~주시고,국내외에서 ~인정받는 글로벌한 더마 코스메틱 화장품으로 더 높이 비상하는 닥터자르트 브랜드가 되었으면 좋겠음!",0,2323,159,10,19
2127,2127,11stReview,닥터자르트,시카,rom2************,2021.03.17,5,"// 발림성 - 젤크림이라 매우 잘 발리고 바를 때 시원해요. // 보습감 - 유분은 안느껴지지만, 저는 바르고 나면 건조함을 전혀 느끼지 못했어요. 보습이 충분했습니다. // 마무리감 - 산뜻하게 금방 흡수되어서 전혀 끈적이지 않아요. 밀림도 없었기 때문에 여름에 사용하기에 매우매우 좋을 것 같습니다. //총평 - 시카슬리페어앰플인마스크에서 끈적임과 묵직함을 덜어낸 느낌입니다. 사용감과 보습감이 마음에 들어서 재구매의사 완전 있습니다!",0,246,13,0,1
2128,2128,11stReview,바디럽,샤워기,vict******,2021.07.01,5,음.. 일단은 사진 처럼 좀 작은 편이예요~ 받아보고는 살짝 당황했죠^^;;; 기존 사용하던게 큰 헤드였어놔서;;; 작은데 수압이 세니까 잡고 있기 좀 힘들어서 애들 씻을 때 물 반만 틀으라고 했네요~ 어른이 쓰기에는 수압이 강하게 나오는데도 불구하고 신기하게 따갑지가 않더라구여~^^ 저는 머리카락이 긴 생머리카락인데 얇아서 엉킴이 있는편인데 요거로 감으니까 편하네요~ 어제 받아서 설치하고 나니 오늘 가격이 훅.. 8처넌 정도가 빠졌네요..하하핫^^;;;;;; 쓰던 샤워기가 깨져서 급 산거라 어쩔 수 없는 일이지만 속이 쓰리네요^^;;;;; 급하지 않으신 분들은 기다렸다 행사 때 사세요ㅋㅋ,0,333,12,0,1
2129,2129,11stReview,바디럽,샤워기,skdu***,2021.07.03,5,"바디럽 퓨어썸 샤워기만 사용중이였는데.. 주방, 세면대 바꾸려고 주문했어요~ 설치 사용 설명서가 없어서 당황했지만 기존에 끼워져있던거 보고 어댑터 대충 비슷한거 골라서 끼웠는데 세면대 수전과 바로 연결된 어댑터 부분에서 물이 새는거예요~ㅠ 어댑터 자세히 보니까.. 기존에 있던거랑 비슷하게 얇은 고무링 들어갈만큼 홈이 파여있길래 기존에 있던거에서 얇은 고무링 빼서 어댑터에 끼우니까 물 안새요~ 얇은 고무링도 만들어 넣어주면 좋을 것 같아요~ 조심히 끼워야한다는 상품평 보고 살살 달래면서 돌려 끼웠구요~ 여자혼자 설치하기 쉽네요~ 플라스틱이라 정말 조심해서 끼워야해요~ 이제 세면대도 필터 달아놔서 안심하고 양치질해도 될 것 같아요~^^ 튼튼하게 오래 사용할 수 있기를 바래 봅니다",0,382,10,1,1
2200,2200,11stReview,바디럽,샤워기,kens********,2021.07.13,5,우왕 드디어 부엌에 필터 생겼네요 ^-^ 히히 모양너무 이뻐요 갑자기 부엌이 이뻐진 기분 '-'),0,54,7,0,0
2274,2274,11stReview,바디럽,샤워기,yey1***,2021.07.04,5,"샤워기헤드를 교체할 시기가 와서 여러 후기들을 찾아보고, 현빈님이 광고하고 마침 11번가 핫딜이 떠서 바로 구매했어요. 비타민필터 포함해서 구매했는데 정말 대만족입니다~ 요즘 날씨는 습한데 몸은 왜인지 건조해져서 이왕이면 피부에 수분을 조금이라도 더 줄수있는 필터가 좋은 바디럽 퓨어썸 샤워기로 선택했지요!! 저희 선택은 실패하지 않았어요~ 퍼시픽오션향은 샤워하는내내 은은한 향기가 욕실에 가득 퍼졌고요. 비타민 물이라 그런지 뽀드득 깨끗하게 씻기는데 피부가 부드러워지는게 수분을 촉촉히 머금고있어요. 그리고 안개분사가 확 퍼지면서 수압도 엄청 좋아서 물도 아낄수 있을것같아요~ 여름이라 하루에 몇번 샤워하는데 매번 너무 기분이 좋아질것같습니다~^^",0,363,8,1,2
2275,2275,11stReview,바디럽,샤워기,러블리,2021.07.05,5,1세대 제품 아직 잘쓰고 있습니다. 2세대가 나왔지만 단종되지 않아 다행이네요. 타제품에 비해 비싼감은 있지만 믿고 쓰는 제품이라 감안해야죠^^ 기존 사용중이던 제품 이물질은 다행히 안보이네요. 오래 쓰다보면 물이 항시 고여 있다보니 물때로 인해 색이 변하는거 같아요. 그래도 육안상 보이면 더러워 보이기에 교체 해봅니다~!!!,0,183,6,0,0
2336,2336,11stReview,바디럽,샤워기,ajdf***,2021.06.15,5,배송빠릅니당~~~~ 배이비파우더는 예전에 쓰던거라 향좋은거 알구.. 블루는 처음인데 기대되네요!!,0,54,6,0,0
2356,2356,11stReview,바디럽,샤워기,akfl****,2021.06.23,5,배송 빠르고 저렴하게 잘 샀어요! 항상 구매하던 제품이라 저렴히 사니 횡재한거 같네요!^^ 번창하세요!!,0,58,6,0,0
2380,2380,11stReview,바디럽,샤워기,izoa****,2021.07.04,5,물 쓸 때마다 걱정 했는데 이제 안심하고 씻을 수 있을 것 같아요~~좋아요~~^^,0,45,6,0,0
2449,2449,11stReview,바디럽,샤워기,ster******,2021.06.19,5,늘 사용해서 만족해요~*^^*,0,16,5,0,0
2527,2527,11stReview,바디럽,샤워기,삐삐마미,2020.11.06,5,인천수돗물유충사건때문에 부랴부랴 주문했었더랬죠~~! 몇달 사용해보고 리뷰적어보네용~! 좋아하는 연애인중 한분인 현빈님이 모델로 활동중이셔서...ㅋㅋ 바디럽이 끌리더군요~~~ 이것저것고민하다 냉큼 바디럽을 주문했던기억이...ㅋ 사실 사용전에 아파트가 2013년도 하반기에 지어진거라 괜찮겠지?라고 생각했는뎅.. 왠걸.. 생각보다 변색이 잘되서 놀랐네요~~~ 지방인데 ㅜ.ㅜ 싱크대는 나은데 화장실은 생각보다 변색이 잘돼요~~ 아무리 2개월에한번씩 교체하라고 권장은 되어있어도... 3개월쓰고픈게 내맘인딩 ㅜ!!! 버티다 2개월정도 사용하는 것 같네요!! 초반사용할때는 피부가 좋아진것같고 물도 부드러운것같고 살짝 그런 느낌이 있었는데.. 두번교체중인 지금은 음~ 피부가 적응을한건지~~^^ 별다른 느낌은 없어요! 그래도 깨끗해진물을 사용하니 마음은 한결 편한듯합니다.. 구매하기전에는 바꾸면 엄청좋을까? 하고 고민하기도 했었지만 구매하고나니.. 계속 써야합니다. 눈으로 보여지니 필터를 사용하지 않을수 없네요!! 필터가 이렇게 변색이 안되면 모르겠습니다^^ 저희집은 워낙 2개월마다 변색이 되어주셔서.. 쭉 집떠날때까지 사용하는걸로...^^ 리뷰적는김에 이벤트기간이라 필터재구매 하고가려고요~! 샤워기물줄기가 첨에는 적응이 잘 안됐어요 ㅠ 물줄기가 너무세기도하고.. 원래 저희집은 3단계로 조절되는 샤워기를 사용중이어서 화장실청소할때랑은 물줄기를 바꿀수있었는데.. 지금은 몇달간 적응되서 그냥쓰지만 싱크대용처럼 물줄기변환이되면 좋을듯해요~~! 플라스틱이라서 부실해보이는감이 없지않아있지만 생각보다 짱짱해요! 사용하다가 몇번떨어뜨려봤는데 가슴은 철렁했지만 괜찮았어요!!,0,820,40,2,2
2536,2536,11stReview,바디럽,샤워기,tla9**,2020.05.13,5,만족스럽습니다! 교체도 쉬워서 (돌리고 헌것 빼고 새로운거 씌우기) 힘들지 않아요:),0,47,5,0,0
2545,2545,11stReview,바디럽,샤워기,wej3***,2020.04.29,5,벌써 퓨어썸 사용한지 1년 반입니다 이번에 아파트 물탱크청소하면서 발생한 일이에요~주방용 필터 없었으면 이물질과 흙탕물 나오는것도 모르고 사용했을꺼에요~넘 더럽죠?아이 키우는데 모르고 음식 준비해서 먹이고 씻기고 빨래하고~진짜 생각만해도 끔찍합니다!저희 아파트에 많은 세대가 있지만 저희집 퓨어썸이 더 좋은것 같아요~필터 사용해도 안 보인다는 집도 있고~필터사용 안하는 집도 있더라구요~ 저희집 퓨어썸은 걸러지고 보여요~관리소에 항의하고 수질검사 요청했습니다.이번에 절실히 느꼈어요.필터사용이 얼마나 중요한지요~퓨어썸 최고입니다^^다 보이고 걸러주잖아요~더러운 물 나오니 세탁기 사용이 정말 찝찝합니다.세탁기용 필터가 나온다면 대박일듯 싶어요~욕실 샤워기2.세면대2.주방 다 퓨어썸 사용중이고 만족합니다^^더러운 물이 나오는거 알면서도 구매 안하고 있다면 망설이지 말고 구매하세요,0,436,16,0,1
2547,2547,11stReview,바디럽,샤워기,teatime,2020.04.21,5,최대한 깨끗하게 정수된 물을 사용하려고 구입한 주방용 필터에요. 전 지난번 구입후 두번째 구입이에요. 이번에는 전원주택에 사시는 지인분 선물용이라서 여러 브랜드를 비교한 후에 다시금 퓨어썸으로 선택해서 재구입했어요.~^^ 박스에 잘 포장되어서 배송되었습니다. 제조일자는 2019. 10. 24 이네요. 주방용 코브라타입과 필터 6개*2박스를 주문한 더라 일년내내 깨끗하게 사용할 수 있을 것 같아요. 바로 설치해서 사용해봤는데 역시나 만족감이 드는 제품이에요. 주방에서 물을 틀어 사용하는 부분이 많아서 설거지나 요리의 재료준비시 세척이나 모두 신경이 쓰이는 부분이죠. 이를 필터교체로 안심하고 사용할 수 있으니까 정말 좋은 것 같아요. 지인분이 너무나 만족하시면서 좋아하셔서 추천추천이에요~★ 이제 모두들 정수필터 사용해요!,0,406,6,0,0
2554,2554,11stReview,바디럽,샤워기,찐리뷰,2019.05.11,5,배송은 주문후 다음날 빠르게 받았어요. 퓨어썸 욕실샤워용 6개월 사용 후 필터 변색되는거 보고 세면대용도 구입했어요. 마침 T멤버십 할인 상품이라 착한 가격에 구매했어요. 기존 세면대 헤드(물나오는곳)를 보내준 스패너로 풀어줍니다. 박스안에 든 투명한 수전 아답터(물 새는걸 방지) 6개중 기존세면대 헤드와 같은 사이즈 아답터를 장착합니다. 아답터 장착 후 퓨어썸 세면대용을 연결하면 조립 끝! 투명한 수전 아답터 장착 후 물이 샌다면 투명한 고무 패킹을 끼운후 다시 아답터 장착하면 물이 새는걸 방지할 수 있어요. 퓨어썸 세면대용 수전이 좋은점은 물이 튀지 않고 일정하게 물이 나오니 손 씻기도 좋고 세수할때도 너무 좋네요. 10년된 아파트라 퓨어썸 제품 아주 만족하며 사용중입니다^^,0,384,7,0,0
2561,2561,11stReview,바디럽,샤워기,juny****,2019.11.28,5,배송도 빨랐구요~~~ 설치도 엄청 간편하고 쉬웠습니다~~^^ 이사오면서 화장실설치하면서 주방싱크대에도 같이 설치했는데 필터설치하니 든든해요~~ 이 지역이 물이 괜찮다더니 정말 눈으로 확인할 수 있어 좋았구요^^,0,117,11,0,0
2562,2562,11stReview,바디럽,샤워기,minuet,2020.02.29,5,이벤트기간에 구매했고 배송은 주말제외 3일 걸렸습니다 집이 노후해서 주방싱크대 필터교체하려고 코브라형과 필터2세트 구매했어요 1세트당 6개 들어있었고 한개당 1-2개월 사용하라고 적혀있었어요 가정 내 수질 상황에 따라 다르고 필터가 오염되었거나 수압이 약해졌을시 교체해줘야해요 2개월 조금 넘게 쓰고 후기 작성합니다 저희집은 2개월보다 1개월-1개월 반정도에 교체해줘야 하는거같아요 제일 마지막에 2개월 사용후 사진이 있는데(주의해주세요) 많이 더러워졌어요 제조일은 코브라 19.9.2. 필터 19.9.2. 19.9.11.이었습니다 배송받은시점전 두달 반 전에 제조된 상품이었어요 끼우는건 호스만 맞으면 매우 쉬워요 전 처음에 설치하고 물 틀었을때 위로 물이 줄줄 샜는데 좀 시간이 지난후 다시 틀어보니 교체할만큼 새는건 아닌거같아서 반품안하고 그대로 쓰고있어요 코브라가 플라스틱재질이라 깨질위험이있다는것과 너무 꽉 조이지도 말고 적당한 선에서 조여줘야 파손되지 않을거같아요 필터 교체도 쉽더라구요~ 설명서에 쓰여진대로만 따라하면 돼요 더러워진 필터를 보니 이전에 어떻게 썼는지 모를정도로 안이했다는게 느껴졌고 보다 깨끗한 수돗물을 사용하게 되어서 좋았습니다,0,592,5,0,0
2563,2563,11stReview,바디럽,샤워기,blue*****,2020.07.20,5,바디럽 주방이랑 샤워기 써왔다가 이번에 세면대도 교체했어요~ 저희집엔 a타입이 맞네요~! 설명서 좀 있었으면 좋겠네요~ 주방보다는 교체가 쉬웠어요~,0,82,5,1,1
2564,2564,11stReview,바디럽,샤워기,lyj5***,2020.03.14,5,"피부가 많이 예민하고 약해서 예전부터 필터 샤워기 쓰고 싶었는데, 소모품이다보니 한번 사면 계속 교체해야 할게 번거로울 것 같아 몇년째 구매를 망설였거든요 ㅠㅠ 환절기라 피부도 부쩍 더 예민해지고, 코로나 바이러스때문에 걱정도 되고.. 마침 쓰던 샤워기도 낡아서 11번가 특가 뜬 김에 구매했어요. 일단 샤워기가 크거나 무겁지 않아서 너무 좋았고, 디저인도 깔끔해서 맘에 들었어요:) 교체방법이 너무 간단해서 놀랐네요 ! 기계치라 이런거 잘 못다루는데 ㅎㅎ 이건 금방 교체했어요! 수압은 생각보다 별로 강하지 않은 것 같아요. 저렴한 가격에 필터 6개까지 같이 구매해서 좋네요. 앞으로 더 건강한 피부가 되기를 기대하며..! 동영상 후기도 첨부합니다^_^ 개인적으론 너무 강한 수압은 피부에 자극이 되서, 저는 적당한 압이라고 생각됩니다. (기존 샤워기 수압보다 약하진 않았어요) 처음에 교체하고 나선 밑에 물이 줄줄 새서 당황했는데, 마른 수건으로 다시 잘 돌려주니 괜찮아졌어요. 필터는 한달 이상 써봐야 알것 같아요:)",0,516,11,0,4
2568,2568,11stReview,바디럽,샤워기,에비뉴엘,2020.07.25,5,"바디럽 주방 핸드 용은 물이 나올 때 머리 부분(헤드) 이 시원시원하게 크게 보여서 뭔가 안심이 된다. 그리고 무엇보다 물줄기가 강력함. 다만, 간혹 물세기 버튼 누르는 거나 바디(몸통) 어딘가에 문제가 있기도 했다 예전 핸드 용을 본체만 2개 사고 1년 사용 후 1개 폐기 후 새 거를 꺼냈는데 버튼도 불량 몸통에서 물도 나와서 한동안 바디럽을 사용하지 않았던 기억이 있다. 하지만 주방 핸드 용은 복불복(개인적으로)만 없으면 바디럽게 최고인 것 같다.",0,254,6,3,0
2574,2574,11stReview,바디럽,샤워기,sail**,2020.04.10,5,후기 보고 조금 망설였습니다ㅠㅠ 물이 샌다. 소리가 심하다. 스텐 수전과 디자인이 안 어울린다. 등등요.. 오래 된 아파트라 녹물이 신경 쓰여서 예전부터 사고싶었는데 할인을 놓쳐 이제야 구매해보네요. 일단 가장 급한 주방 수전용을 구입해 차츰 욕실 세면대 등으로 범위을 넓혀가야겠어요^^ 주방 수전에 갈아 끼우는 거 너무 쉬웠고요. 같이 동봉 된 고무패킹도 한번에 딱 맞는 걸 찾아서 더 쉽게 해결됐어요. 물이 튀거나 하지는 않는데 소음은 약간있지만 신경 쓸 정도 아니에요. 디자인이야 이게 최선일 거라 생각해요. 필터 교환시기를 알려면 보이는 게 좋잖아요. 세트로 구매해서 앞으로 1년 이상 걱정 없이 쓰겠어요. 세트가 훨 저렴한 거 같아요. 충격적인 건 원래 쓰전 수전을 빼보니 5개월 전 새로 설치한 건데 저렇게 뭐가 끼여있네요. 저게 녹물 때문에 그랬을까요?? 사은품으로 주신 제품도 넘 좋아요. 끼우기도 쉽고요~^^,0,461,7,0,0
2576,2576,11stReview,바디럽,샤워기,love******,2020.04.17,5,"- 구매이유 이사온 집 수압이 너무 약함 이사온 후 피부에 트러블이 생김 - 배송 4.9 구매, 4.10 도착 칼배송 최고 - 구매후기 일주일 사용 후 리뷰답니다! 우선 아기랑 같이 씻을때 수압이 너무 쎄서 만족스러워요. 아프다는 리뷰도 봤는데 안아파요. 제일 쎄게 틀고 아기한테 촤악 뿌려도 아프다고 한적 없어요. 근데 마사지 될만큼 시원하지도 않아요ㅋㅋㅋ 물살이 쎄서 그런지 물이 금방 식는? 차가운 바람이 생긴다고 해야하나... 그런건 있지만 대체적으로 만족합니다. 일주일만에 필터색이 변한게 눈으로 보입니다. 더 사용해보구 집에 있는 모든 수전에 필터를 사서 달아야할지 심히 고려중이에요",0,332,5,0,0
2582,2582,11stReview,바디럽,샤워기,juny****,2019.11.28,5,배송 빨리 오구요~~ 빌라로 이사하면서 필터 구매했습니다~~ 물 상태를 바로바로 눈으로 확인가능한점에서 안심되고 좋습니다. 수압세구요~~ 샤워하다보면 안개분사되는 느낌납니다ㅎㅎ 물은 중요하잖아요~~ 필터도 일부러 넉넉하게 쟁였습니다^^,0,131,10,0,0
2585,2585,11stReview,바디럽,샤워기,knps****,2020.07.20,5,#개그 녹물 나온다고할때도 그냥 살자면서 안샀는데 도저히 벌레는 참을수가 없어서 샀어요ㅡㅡ 시기가 그래선지 조금 늦었지만 미리 연락주셨어요~ 설치해서 틀어보니 물이 부드럽게 나오면서도 수압이 쎄진것같아요. 영상을 보면 물이 조금 새서 다시 꼭 잠궈보니 안새네요~~ 눈에 보이게 필터가 더러진건 아니라 확인못하겠지만 벌레는 못들어가겠지 하면서 사용해보려구요. 저렴하게 잘샀습니다.^^,0,213,6,0,0
2586,2586,11stReview,바디럽,샤워기,yune**,2020.07.20,5,"수돗물 유충으로 급하게 필터제품 알아보니 주변에서도 바디럽 제품 강추해서요. 이번 기회에 집에 있는 세면대, 샤워기, 주방까지 싹 바꿨어요~^^ 플라스틱 재질인데도 가격이 비싸고 집안에 수도를 다 바꾸려고하니 가격면에서는 좀 부담감은 있었어요. 또, 샤워기도 물 조절 스위치가 있음 좋았을텐데 그부분이 조금 아쉽기도 해요. 대신 수압 하나는 정말 끝내줘요~덕분에 수도세는 절감 될것 같아요 물살이 쎄다보니 수도를 조금만 틀어도 물살이 약하지 않아서 좋아요. 또, 수압이 쎄다보니 물소리만 들어도 기분이 좋네요. 앞으로 바디럽의 필터 기능 기대되네요 ㅎㅎ",0,309,4,2,2
2587,2587,11stReview,바디럽,샤워기,pmy8***,2020.07.20,5,"목욜 아침에 주문해서 월욜에 받았어요 택배사에서 조금 걸린거 빼고 만족해요~ 인천 사건으로 씽크대 화장실 해바라기수전, 샤워기 ,세면대까지 한번에 교체하느라 가격 부담 있었는데 딜이 떠줘서 정말 도움됐어요~~ 일단 더 사용해봐야겠지만 울딸들 더 깨끗한 물로 씻을수 있다고 생각하니 기분 좋네요~~~",0,166,6,0,1
2588,2588,11stReview,바디럽,샤워기,dohe****,2021.02.26,5,배송 빠른편이에요! 대폭할인하고 있어 많이 바쁠텐데도 불구하고 빨리 온편인것같아요. 샤워호스라던지 샤워기에 대한 관심이 없었는데 디바걸스 통해서 예전에 제시카님이 극찬을 하던 바디럽제품 계속 살까말까 고민하고있었어요. 그러다 11번가로 핫딜떠서 큰맘먹고 냉큼 샀네요. 오션블루 향이 무난할거같아서 이걸로 골랐는데 후회없는거같아요. 아직 샤워는 안해봤지만 손만씻어봐도 부드러움이 확실이 다른것같아요. 거실과 안방 화장실에 있는 샤워기를 바꿨는데 이제 부드러운 피부를 느껴볼수 있을것같아요. 또 요즘 머리가 너무많이빠져서 탈모예방에 관심이 많은데 일반 수돗물도 한몫한다해서 꾸준히 써보도록할께요. 향도 은은하게 나고 앞으로 기분좋게 샤워할수있을것같아요! 한동안써보고 피부랑 머리빠지면 효과보면 주변사람한테 추천하거나 선물로 줄참이에요~ 상담사분도 매우 친절하시네요 ^^♡♡,0,430,5,1,2
2589,2589,11stReview,바디럽,샤워기,dsfm**,2019.09.24,5,아기의 아토피가 걱정되서 새로 나온 필터릉 장착한 샤워기를 주문했습니다. 만다린향인데 자극적은 향은 아니었어요. 어린 아기가 있어서 무향도 추가되면 더 좋을 것 같아요.^^ 혼자 하기에 조립 방법도 간단하고 설치도 쉬웠습니다. 설치 자체도 매우 만족스러웠습니다. 물살이 아플정도로 센건 아니고 적당한 물줄기입니다. 이전에는 큰 물줄기가 콸콸 나왔는제 샤워기 교체 후에는 작은 물줄기가 시원하게 나와서 절수 효과가 되겠구나 싶어요. 또한 이번 비타 샤워기에는 비타민이 함유되어 정말 부드러워요. 남편이 머릿결이 좋아졌다며 좋아해요. ^^ 재구매 의사 2000%입니다. 현재 새 샤워기로 5일째 사용중인데 나름 신축 아파트인데도 미세한 불순물이 필터에 끼어 있어서 바꾸길 잘했구나 싶습니다.,0,384,5,0,4
2594,2594,11stReview,바디럽,샤워기,11번 찍어 안넘어 와?,2020.10.27,5,주방도 같이 바꿨어요~~손쉽게 바꿀수있어서 여자분들도 금방하겠어요~~ 이왕 설겆이 하는물 깨 끗 하 게 하면 더 좋을거 같습니다! 의외로 세가지 모드가있네요^^,0,89,7,0,0
2598,2598,11stReview,바디럽,샤워기,joon****,2020.05.29,5,"어제 1시 조금 지나 주문했는데 24시간만에 도착~ 욕실이랑 주방 샤워기 교체했어요. 다행히 사이즈도 잘 맞네요. 주방 샤워기 물줄기는 3종류로 조절되네요. 옆에 긴 파란색은 스티커 인 거 같은데 지저분해질까봐 그냥 쓰려고요. 틀자마자 필터 어두워지는거 아닌가 우려했는데 그렇지는 않아서 다행입니다. 앞으로 사용해 봐야겠죠~ 5만원 이상 두근두근 마사지기 사은품 준다길래, 처음 구매지만 욕실과 주방 필터 6개씩 맞춰서 구매했어요. 11%+11%더블할인에 장바구니 3천원에 t멤버십 5천원 할인까지 받았으니 잘 산거 같습니다. 효과도 좋기를요~",0,304,6,0,2
2600,2600,11stReview,바디럽,샤워기,j101**,2019.09.01,5,약 1년6개월전부터 사용한 바디럽 샤워기예요 아기때문에 쓰기시작했는데 안쓰면 서운해요 필터색 바뀌는거보면 진짜 안쓸수가없어요 물줄기도 엄청세고 시원한데 녹물하고 염소제거까지되니 너무좋아요!!! 부엌도 사용중입니다:) 과일씻을때도 그릇헹굴때도 한번더 안심되더라구요 이번에 행사할때 친정부모님 욕실에 놔드렸어요^^ 너무만족하셔서 사드린 저도 기분좋네요^^ 필터가격만 조금더 착해지면좋겠습니다^^,0,218,11,1,1
2602,2602,11stReview,바디럽,샤워기,lcw3***,2020.11.07,5,샤워기 물이 너무 쫄쫄나와 씻어도 개운한 맛이 없어 샤워기 바꿔야지 바꿔야지 하다 허ㅈ웅 샤워기로 유명한 그거 살려다가 필터샤워기 딜뜬 거 보고 구매했어요. 필터도 필터지만 물줄기가 세다는 리뷰보고 바로 구매했는데 완전 대만족입니다. 세상 시원! 꼬마들도 마사지 받는 거 같다면서 좋아하네요. 진짜 구매하길 잘 했어요. 물줄기에 감동ㅜㅜ 성공적인 쇼핑이었습니다! 14년 된 아파트 살고있는데 필터가 얼마나 더러워질지도 기대(?)되네요.두근두근,0,247,5,0,4
2611,2611,11stReview,바디럽,샤워기,viol******,2020.07.20,5,수압 시원~~하고 좋네요!! 완전만족스러워요 교체도 쉽고 편해요. 주문폭주여서 배송이 좀늦긴했는데 유충사태때문일테니 이해합니다. 오늘이라도 와서 다행이예요. 주방 세면대 샤워기 다 주문해서 교체하려구요. 든든합니다!!,0,121,6,0,1
2617,2617,11stReview,바디럽,샤워기,daln***,2020.06.28,5,일단 좀 더 써봐야 알것같아요~ 설치도 무지 간편하고 뭔가 깨끗한 기분(?)무엇보다 수압이 세져서 완전 좋아요~ 수압이 약해서 설겆이할때마다 찝찝했는데 확실히 세졌어요!진작에 교체할걸 그랬나봐요^^ 보리차 끓여먹는데 당연 전보다 좋을꺼라 믿고 써볼게요,0,140,8,0,0
2619,2619,11stReview,바디럽,샤워기,nog3***,2020.04.09,5,샤워기호스랑 같이 교체했는데 물살도 세고 만족합니다~ 스패너가 동봉되어있어 편하게 교체했어요 헤드+호스+필터 샀는데 계산해보니 헤드+호스세트에 필터 추가보다 헤드+필터세트에 호스 추가 하는게 더 저렴했어요! 참고하세요~,0,122,7,0,1
2624,2624,11stReview,바디럽,샤워기,sju0****,2020.03.05,5,일단 저희집 욕실 수도관은 옛날 방식의 긴 세면대랍니다. 포장을 뜯고서 플라스틱 연결 나사가 맞는게 없어~~ 헉!!! 뜯은걸 어떻게 반품하나 걱정걱정이었어요ㅜㅜ 그나마 다행스럽게 수도꼭지머리부분 푼거에 바로돌려 꽂으니 맞더라구요.수압도 쎄지고 노후된 아파트라 양치할적마다 엄청 찝찝했는데 속이 다 개운합니다.샤워기도 구입하니 휴대용 목베개도 주더라구요^^,0,198,7,0,1
2630,2630,11stReview,바디럽,샤워기,yel0***,2020.04.22,5,구입후~~한달넘게 사용했어요~~벌써 필터는~^^; 한번 바꿨구요~^^; 생각보다~많이 더러워지진~않아서 다행이다ㅎ싶엇네요ㅎ 야채씻고~할때~좀더 맘편히 사용하게되서 재구매의사 100프로입니다~ 친구집들이 선물로~^^또구입할려구요~~^^,0,130,22,0,0
2631,2631,11stReview,바디럽,샤워기,dlcn*****,2019.09.24,5,이번에 샤워 호수와 필터를 추가 주문 했습니다. 기존에 사용하고 있던 제품이 너무 만족스러웠기에 추가로 또 주문했지요^^ 피부도 좋아지고 수질도 많이 좋아졌어요. 이번에 나온 비타 샤워기 만족도도 높습니다. 당연히 필터 다 쓰고 나면 재구매 의사 있구요. ^^ 여행 갈때도 따로 샤워기 들고 갑니다. 애들 피부도 걱정되고 물갈이로 인해 행여 아프지 않을까 싶어서요. 이런 좋은 제품 많이 만들어 주세요!,0,225,5,0,2
2643,2643,11stReview,바디럽,샤워기,tale****,2020.07.17,5,코로나로 장기화된 마스크 착용으로 피부가 뒤집어져서 반신반의한 마음으로 조금 괜찮아질까 싶어 구매했어요 일반 퓨어썸 샤워기보다 비타 필터를 넣을 수 있는 비타 퓨어썸 샤워기가 더 나을 것 같아 구매했는데 사실 차이가 비타 필터가 있고 없고 차이인 것 같기도 하고 잘 모르겠지만 어쨌든 후기가 좋아서 구매했는데 역시나 수압 최고 ! 물줄기가 얇아서 좋아요! 새 아파트다 보니 수압에 불만은 없었는데 비타 퓨어썸 샤워기는 더 만족스럽게 만들어줄만큼 수압도 쎄고 몸체가 투명이다보니 한 눈에 다 보여서 더 믿음이 가구요 비타필터는 비누처럼 생긴 요 아이 진짜 물건입니다 갠적으로 오렌지향은 별로 좋아하지 않아서 만다린향 고민했지만 이걸 웬 걸 ... 만족 왕 만 족 달콤쑥향은 써보고 리뷰에 추가할게요 피부가 매끈해지고 톤업된 느낌 마스크 착용 장기화로 피부가 많이 건조해지고 컨디션 최악이었는데 진정팩이니 화장품으로도 커버 안됐던 지친 피부가 샤워기+비타필터 덕분에 생기를 찾다보니 만족할 수 밖에요 그래서 세면대용으로 또 사려구요 비타필터 오션향도 필터 묶음에도 함께 판매해주세요 가격도 특가 때 사서 진짜 만족합니다 피부가 많이 예민하신 분들 건조해지신 분들께 추천합니다,0,599,3,0,4
2649,2649,11stReview,바디럽,샤워기,dada*****,2021.03.28,5,"예전에 썼던 샤워기는 수압이 약해서 씻을때 답답했는데, 비타샤워기는 물나오는 구멍이 작고 촘촘해서 그런지 수압이 예전샤워기보다 쎄서 만족!! 무엇보다 비타필터 쑥향을 써봤는데 은은하게 향이나서 샤워하면거 기분이 좋더라구요! 쑥향,만다린량 다쓰면 다른 비타필터도 써보고 싶어요!!!",0,156,6,0,3
2653,2653,11stReview,바디럽,샤워기,tjst***,2020.09.15,5,저희집은 못 바꾸는 줄 알고 주문 안했는데 해보니 쉽네요^^ 이제 안심하고 세면대 물도 쓸수 있겠어요~^^,0,59,5,0,0
2658,2658,11stReview,바디럽,샤워기,cotn*******,2020.03.14,5,기존 샤워기가 수압이 너무 약하고 필터가 되는 샤워기를 사용해보고 싶어서 구매했어요! 다른 브랜드 샤워기들을 리뷰를 보고 많이 비교해봤는데 깔끔하고 수압도 강한데 부드러워서 좋아요!! 전에 쓰던 샤워기 손잡이가 꺼칠꺼칠하게 까져서 싫었는데 깔끔한 플라스틱이라 손이 베일 일은 없을 것 같네요!! 2개월씩 필터를 교체하면서 잘 쓰겠습니다!!,0,189,7,0,4
2660,2660,11stReview,애슐리,밀키트,kiit**,2021.06.22,5,집에서도 애슐리 그 맛 그대로 간편하게 밀키트로 즐길 수 있다는 사실이 매우 좋습니다 ^ㅁ^!!! 10-20분 사이 짧은 조리시간에 필요한 재료 모두 들어있어서 부담없이 먹을 수 있어요! 집에서도 외식을 즐겨보아요~^^,0,122,10,1,1
2694,2694,11stReview,애슐리,밀키트,smil*******,2021.06.18,5,상품이 구성이 좋아요~ 맛이 좋네요~~ 애슐리키트 맘에들어요~~,0,35,5,1,0
2714,2714,11stReview,애슐리,밀키트,mspi***,2021.07.07,5,"행사하길래 냉큼 구매했어요~^^ 봉골레빠네, 쉬림프로제, 닭갈비 3개 주문해서 쉬림프로제 먼저 먹었는데 맛있네요...새우도 신선하고 좋았어요! 봉골레빠네는 몇번 먹어서봐서 맛있는 맛인거 알고, 닭갈비 맛이 궁금하네요...맛나게 먹을께요~ㅎㅎ",0,134,5,0,0
2721,2721,11stReview,애슐리,밀키트,frie******,2021.06.18,5,잘 먹는 3식구 1개로 부족할 듯 해서 2팩 샀는뎨 소스가 많아서 면을 더 추가해도 되더라구요~^^; 맛있고 양 많고 하나하나 다 들어 있어서 편하고 맛있고 좋았어요^^ 할인하면 또 재구매의사 있어요ㅎㅎ,0,113,5,0,0
2762,2762,11stReview,애슐리,밀키트,lblu***************,2021.06.16,5,간단히 분위기있게 막기 너무 좋아요~~ 이제는 요리도 너무 쉽고 자주 애용해야겠어요~~!!,0,50,6,0,0
2865,2865,11stReview,애슐리,밀키트,jej0*************,2021.07.15,5,딜 뜰때마다 구입해서 먹네요~~ 얘술리 밀키트가 최고인듯~~ 너무 편하고 맛있네요~~그중에서도 감바스가 최고네요!! 다른것보다 이게 가장 맛있어요!! 이건 빠지지 않고 구입해요!!아이들이 최고라며 먹어요~~^^ 또 구입해야겠어요!,0,128,17,0,1
2866,2866,11stReview,애슐리,밀키트,jej0*************,2021.07.15,5,딜 뜰때마다 구입해서 먹네요~~ 얘술리 밀키트가 최고인듯~~ 스테이크는 처음 시켜 먹었는데 앞으로 계속 시켜 먹을듯요~~ 너무 편하고 맛있네요~~아이들이 게눈 감추듯 먹어치우네요~~^^ 또 구입해야겠어요!,0,114,13,0,1
2867,2867,11stReview,애슐리,밀키트,dlwo*****,2020.11.24,5,받자 마자 해 먹어 보았어요~ 재료가 다 준비 되어 있기는 하지만 생각보다 손이 많이 갔어요~ 조리 하고 나니 설거지 한가득 나오더라구요 조리 방법은 간단하고 누구나 할 수 있는 난이도에요~ 소스가 충분해서 면을 추가 해도 되고 빵이 소스를 다 먹어서 나중에 추가로 더 부었어요. 양은 1.5인분 정도 되는 거 같아요. 크림 소스에 바지락 맛 살짝 나고 매콤해서 전혀 느끼하지 않고 식당에서 먹는 거 만큼 괜찮았어요.^^,0,235,5,0,0
2870,2870,11stReview,애슐리,밀키트,p123***,2021.02.20,5,건고추가 들어있어서 정말 매콤하고 맛있네요 애슐리 밀키트 처음 주문해서 먹어보는데 전체적으로 재료들이 좋은 것들로 오네요. 닭고기도 생각보다 양이 많이 있고 닭다리살로만 했다고 하더니 엄청 부드러워요. 닭을 물에 헹구면서 보니 닭에 후추 시즈닝이 솔솔 되어있는 것 같더라고요~ 당면도 넙적 당면인게 좋고 살짝 데쳐진 건지 끓는 요리에 넣으면 금방 야들야들해지면서 바로 익더라고요 엄청 쫄깃하고 양도 많아요! 물 양이 건더기에 비해 많은가 싶기도 했는데 그래도 레시피 정양대로 넣어야 찜닭소스와 간이 맞으니 550ml 다 넣고 마지막에 국물을 졸여주는게 낫더라고요. 떡은 채소랑 같이 넣으라고 돼있는데 그때 넣으니 너무 불더라고요 당면 넣을때 같이 넣는게 좋을 듯! 취향따라 당근이나 감자 익혀서 더 넣으면 좋을 것도 같지만 그냥 이대로만 넣어도 충분히 맛이 있네요~! 찜닭 배달해서 먹는 것 부럽지 않아요!,0,451,6,1,1
2875,2875,11stReview,애슐리,밀키트,삐삐,2020.11.15,5,"이거 진짜 맛있어요!!! 칠리가루와 사워크림이 진짜 신의한수입니다. (칠리랑 사워크림 안좋아하시는 분은 비추천) 필요한 재료는 식용유까지 같이 보내줘서 준비할건 칼이랑 도마, 후라이팬 뿐이네요. 야채는 한번 씻어줘야해요. 만들기도 어렵지 않고, 요리 잘 못해도 시키는 대로 하면 모양은 별로여도 ㅋㅋ 맛은 좋을 음식이에요. 밀키트 3종류 시켜먹었는데 이게 베스트입니다~ 음식점 부럽지 않아요 ㅎㅎ 좀 아쉬운(귀찮은) 건 야채랑 고기 볶아야 하고, 또띠아도 구워야해서.. 볶고 설거지하도 또띠아 굽기 귀찮아서 후라이팬 2개 썼어요. 그리고 은근 비닐, 플라스틱 많이 나와서 쓰레기 넘 많은건 마음이 불편ㅜㅜ 합니다 맛은 너무너무 좋아요.",0,355,8,0,1
2880,2880,11stReview,애슐리,밀키트,자유를 꿈꾸는,2021.01.23,5,1/23일 받았고 1/27일 유통기한이에요 양도 넉넉하니 생각보다 많아요^^ 일단 크림 파스타에 오일이 이정도 들어갈 줄은 몰랐어요 생각보다 많아서 놀랐네요 ㅋㅋ 브로콜리는 들어있지 않아요. 브로콜리가 집에 있다면 넣어서 먹으면 더 맛있을 것 같구요. 크림양도 넉넉합니다^^ 그냥 더도말고 덜도말고 딱 크림파스타 맛입니다 ㅎㅎ 바지락 해감도 전반적으로 잘 되어 있는 편이에요 식전에 간식을 먹어서 빵은 안 썼네요. 다른 용도로 활용해봐야겠어요 ㅎㅎ,0,250,6,0,0
2886,2886,11stReview,애슐리,밀키트,쟌나비,2021.05.14,5,맛있다. 새우 신선하고.. 두팩을 하니 양도 엄청 많고.. 애슐리에서 먹는 맛이어요. ? 아이들이 빠네보다 첫맛은 맛있다고 해요. 먹다보니.... 조개육수로 만든 빠네 크림소스가 더 맛나다고......하네요.ㅎㅎ 중간정도 먹으니 느끼해서 점점 지쳐가가도 했네요.. ? 원재료명에 보니 식물성 생크림이 엄청 들어갔어요. ? 한번에 주문하는 바람에 유통기한이 얼마남지 않아 어제 빠네에 이어 연타로 애슐리 밀키트를 먹으니 텀을 두고 주문할게요^^,0,247,5,2,1
2888,2888,11stReview,애슐리,밀키트,쟌나비,2021.05.14,5,빠네를 집에서 다 해먹네요~~ 재료 신선도 좋아요~~!! 크림소스의 양이 많아서 냉동고에 얼려두었던 베이글을 구워서 남은 크림소스까지 남김없이 다 찍어 먹었어요 ? 소스가 짜지않고 고소하고 크림소스를 워낙 좋아하는 아들들이라 잘 먹었네요 제품설명에 보니 바지락과 봉골레 육수로 감칠맛을 냈다고 적혀 있는데 맞는것 같아요. 밖에서 사먹는 거랑 맛이 똑같다며 아이들 엄지척!!! ? 다음에 딜뜨면 재구매 의사 있어요. 애슐리 홈스토랑 생각보다 괜찮네요^^,0,252,13,1,0
2889,2889,11stReview,애슐리,밀키트,자유를 꿈꾸는,2021.02.21,5,"맛있어요. 자극적이지 않고 딱 로제 본연 맛에 충실한 아이네요^^ 집에 있던 추가 재료-새우, 브로콜리, 통마늘, 양파-를 더 넣었어요 넣다보니 많이 넣었네요ㅋㅋㅋ 파스타 면도 조금 더 넣어서 둘이서 배부르게 먹었답니다 처음에 나온 양은 2인분인데 추가추가 하다보니 3.5인분 양이 나왔네요 ㅎㅎㅎ 야채 새우 싱싱합니다 재구매 의사 있습니다^^",0,192,6,0,0
2891,2891,11stReview,애슐리,밀키트,리미 Rimmi,2021.01.19,5,"본 후기는 직접 상품을 구매하여 영상 리뷰를 작성한 후, 소정의 보상금을 지급받는 꾸루 활동으로 작성한 후기입니다. 두 번째 리뷰템은 입니다! 구성이 알차서 좋았는데, 밀키트 특성상 개별 포장이 되어있어서 쓰레기가 많이 나왔습니다ㅜㅜ 새우는 싱싱해서 맛있었고, 방울토마토는 시들시들해서 아쉬웠어요..! 전체적인 맛은 맛있었고 마지막에 파스타면을 넣어서 먹을 수 있어 양도 넉넉했어요 ㅎㅎ 두 명이서 먹기 좋을 것 같아요! 구성도 좋고, 간편하게 해 먹기 좋아서 나중에 또 구매할 의사 있습니다 :) 이상으로, 꾸루4기 리미였습니다! 다음 리뷰로 다시 만나요~ 감사합니다 :)",0,321,9,0,1
2897,2897,11stReview,애슐리,밀키트,ys68**,2020.11.25,5,야채손질과 신선도는 최고이구요!요리 똥손인 사람도 쉽게 할수 있어서 좋네요~맛도 왠만한 파스타 전문점들과 견주어도 될 만큼 훌륭합니다^^자주 사서 먹겠네요!,0,87,5,0,0
2906,2906,11stReview,애슐리,밀키트,joa2***,2021.02.07,5,"애슐리 홈스토랑은 워낙 유명한 밀키트라 항상 믿고 주문한답니다! 빠네크림파스타는 세번째 주문인데, 외식 못하는 요즘 집에서 아이들과 기분내기 딱 좋아요~~~ 만들기 간편하고, 맛도 정말 굿굿! 양도 어마어마! 신선제품이라 유통기한이 짧은게 좀 글킨하지만.. 택배 도중 아이스팩 때문인지 야채들이 다 얼었네요.. 다 좋은데 야채들이 좀 아쉬운 부분입니다..",0,198,6,1,1
2914,2914,11stReview,애슐리,밀키트,쟌나비,2021.06.07,5,치킨 퀘사디아 집에서 편리하게 먹을 수 있는 홈 밀키트 맘에 듭니다. 그런데 내용물이 주르르륵 흘러서 먹기는 좀 힘드네요~ 치킨도 괜찮고 사워크림도 밖에서 사먹는 그 맛이라 맛은 있어요^^ 그런데 고추기름이 줄줄 흘러서 여기저기 다 묻어서... 설거지하기가 좀 난감하더라구요^^ㅎㅎ,0,157,5,0,1
2916,2916,11stReview,애슐리,밀키트,ds3f**,2021.03.06,5,2021.03.06.도착 2021.03.10.까지 세개 모두 3월 10일까지 라서 바쁘게 만들어 먹어야 합니다. 생애 처음 만들어 보는 음식임 용어도 낯설고~일부 재료는 비닐봉투에 재료명이 써 있지를 않아서 좌충우돌 ~ 그래도 맛나게 먹었습니다. 혼자 먹기에는 살짝 많고~둘이 먹기에는 ~교양있게~우아하게 먹으면 2인분임.,0,180,5,0,0
2920,2920,11stReview,애슐리,밀키트,zizi*****,2020.12.20,5,집에서 빠네파스타를 해먹을수있다니.. 신기하기도하고 맛도 궁금해서 주문해봤어요!!! 주말아침에 집에남아있던 파스타까지 추가해 넣어서 해먹었더니..양도 엄청많고.. 맛은 레스토랑에서 비싼돈주고 먹는맛까진 못해도.. 요즘같은때에 집에서 해먹을수있으니 가성비좋은거같아요~~~~,0,151,7,0,0
2930,2930,11stReview,애슐리,밀키트,wig9***,2020.12.24,5,JMT...... 크리스므스이브에 남자친구랑 먹을라고 시켯는데 딱 24일에 왓습니다!!!!!그래서 먹엇는데 사진찍기도전에 다해치워버렸어요...완전 개쩔어요ㅠㅠ,0,88,5,0,0
2944,2944,11stReview,애슐리,밀키트,grea******,2021.05.14,5,기대없이 먹었는데 너무 맛있어요!!! 원래 감바스 먹고 면 추가인데 귀찮아서 아예 면을 넣어서 먹었어요!! 건고추 땜에 매콤칼칼해서 느끼하지않고 좋아요,0,84,5,0,0
2945,2945,11stReview,애슐리,밀키트,연보라,2021.02.23,5,설 연휴때 9900원 행사로 3개 샀는데 만족합니다!! 찜닭도 맛있고 로제파스타도 꾸덕하니 맛있아요! 크림파스타는 아직 안먹었네용 애슐리거눈 처음 주문해본건데 행사 덕분에 저렴하게 먹어볼 수 있어서 좋았네요!! 다음에 또 해주세요!!,0,130,7,1,0
2976,2976,11stReview,애슐리,밀키트,hosk***,2021.03.14,5,오 쌀국수도 성공요!!이만한가격에 맛과 양 정말 짱이예요~ 담에 만들땐 제가 따로 차돌박이를 사서 넣어 먹어야겠어요~잘먹었어요~!!,0,73,7,0,0
2978,2978,11stReview,애슐리,밀키트,rlaw********,2021.03.18,5,소스가 넉넉하니 맛나네요~~느끼하니 ㅎㅎ 레스토랑서ㅜ먹는맛 백프로는 아니지만 집에서 기분내기 좋네요~한번씨가 생각날 듯 합니다~~,0,72,5,0,0
2987,2987,11stReview,애슐리,밀키트,todr*************************,2021.05.11,5,맛있어용~저번에 먹어보고 만족해서 재구매한거에요~ 유통기한이 너무 짧다는게 아쉽네요 쟁여두고 생각날때 먹고싶은데.... 그래도 쉽게 후딱 맛나게 먹었습니다~^^,0,89,5,0,0
3031,3031,11stReview,애슐리,밀키트,aswl***,2021.02.02,5,고추 다 때려넣고 치즈 추가해서 먹었습니다~ 고기는 혹시 몰라 우유에 재워놨다 넣었구여. 정말 쉽고 간편해요*^^*,0,64,5,0,0
3062,3062,11stReview,애슐리,밀키트,hosk***,2021.03.14,5,후기보고 구입요~~ 맛있어요~~코로나 땜에 외식을 못해 구입해？f는데 만족!! 새우도 오동통,0,51,6,0,0
3063,3063,11stReview,애슐리,밀키트,zizi*****,2020.12.20,5,야식으로 뚝딱해먹었는데 배달시키는거보다 빨리만들고 맛있어요~~ 집에있는 소세지 추가로넣고 맛있게 잘먹었어？Dㅋㅋ 또주문하려구요~~~!!,0,75,7,0,0
3121,3121,11stReview,애슐리,밀키트,alwl*****,2021.04.24,5,"일단 가격 저렴하게 잘 샀고, 유통기한도 충분해요~~ 재구매 의사 있습니다!^^ 많이 파세요~^^",0,54,8,0,0
3127,3127,11stReview,애슐리,밀키트,yun8**,2021.02.17,5,좋네요~~해먹기도 딱이고요~~ 맛있어요~~ 배송도 빠르고 좋네요~~ 또 재구매할게요~ 감사합니다,0,53,9,0,0
3128,3128,11stReview,애슐리,밀키트,aron**,2021.02.20,5,가격대비 훌륭하다고 생각합니다. 맛있고 양도 많아요~~~~!!,0,34,6,0,0
3137,3137,11stReview,애슐리,밀키트,yun8**,2021.02.17,5,감사합니다~~ 빠네랑 같이 먹을려고 시켰는데 같이먹기딱이네요~~감사합니다~~ 잘먹겠습니다^^ 배송도빨랐어요!,0,60,9,0,0
3170,3170,11stReview,애슐리,밀키트,mily**,2021.05.10,5,빵이 진짜 바삭바삭하니 맛있더라구요!! 감바스 맛있어요~~!!,0,34,6,0,0
3182,3182,11stReview,애슐리,밀키트,mily**,2021.05.10,5,빵도 맛있고 맛있네요!! 간편해서 좋은 것 같아요~~!,0,30,5,0,0
3199,3199,11stReview,온더리버,원피스,유리80,2021.06.23,5,와우!오랜만에 배송이 바로왔네요!!가격대비 좋아서 구입했어요.심플하니 슬렉스나 청바지.반바지 모두 다 어울리는 기본티에요.얇은편이고 길이 넓이도 적당해서 55.66사이즈 모두다 입을수 있어요~~무난한거 찾으시는분들은 구입하셔도 좋을것같네요,0,133,5,0,0
3201,3201,11stReview,온더리버,원피스,lhjs***,2021.07.07,5,살까말까 고민했는데 사길 정말 잘했어요 동네 편하게 다니려고 산건데 핏도 날씬해보이고 몸에 붙진 않아서 (전 66입니다) 편하게 입을 수 있어요 대신 싼만큼 마감처리는 좀 부족해요 실밥정리하고 입어야 합니다 하나 더 살걸 그랬어요~ 169기준 종아리 중간 좀 아래까지 내려옵니다~~ 면도 부들부들하고 좋아요,0,171,5,0,0
3203,3203,11stReview,온더리버,원피스,happ*****,2021.07.09,5,완젼 저렴해서 재질이 나쁘면 어쩌나 하고 걱정했는데 생각보다 괜찮았어요~~~^^ 허리도 밴드지만 잘 늘어나서 아주 잘 맞더라고요~~~^^ 햇빛에 비추어 보니 얇은 재질이어서 시원할꺼 같은데 구김이 가는건 어쩔 수 없을것 같네요~~~ 그래도 간만에 싸게 득템한것 같아 기부니가 좋습니당~~^^,0,162,17,0,0
3205,3205,11stReview,온더리버,원피스,jina****,2021.06.30,5,재질 정말 시원하고 가볍고 주름안가고 짱입니다!! 158 48 키로 작은편이라 기장이 긴것같지만 옆트임있어서 걸을때마다 팔랑팔랑 프릴 너무예뻐요!! 단조롭지않아서 좋네요!! 다른색상도 있었음 구매할텐데 아쉽네요~ 가격도정말착하고 만족100 프로입니다!!,0,141,9,0,0
3206,3206,11stReview,온더리버,원피스,chan******,2021.07.04,5,23일만에 받았지만 옷이 이뻐서 만족합니다~^^과하지않게 귀여운 옷이네요~색상도 살짝 어두운 핑크라 더 좋구요~165키에 77 사이즈인데 가슴둘레.팔둘레 다 넉넉하게 잘 맞아요~ 길이가 좀 아쉽네요~ 다 넣어서는 못입구요~앞쪽만 살짝 넣던지 다 빼고 입어야하네요~더운날 시원하고 너무 편하게 입고 있어요^^,0,171,11,0,0
3207,3207,11stReview,온더리버,원피스,거품퐁퐁,2021.06.25,5,온더리버 항상 배송도 빠르고 가격도 착해서 주기적으로 주문합니다~! 화이트 기본 남방 구매했는데 구김이 잘 가는 재질이지만 짱짱하니 봄가을에 입기에 좋습니다 니트조끼 안에 입기에 딱이에요~ 만족합니다: ),0,114,5,1,0
3210,3210,11stReview,온더리버,원피스,라떼~♡,2021.07.07,5,화이트 비침도 없고 좋아요~^^ 총길이 49 팔을 올리면 살짝 허리 살이 보입니다. 제가 입기엔 적당하고 좋네요. 세탁하고 구김도 없고 늘어나는 원단이 아닙니다. 이 가격에 만족하는 티 입니다. 잘~~입을께요.,0,117,5,0,0
3215,3215,11stReview,온더리버,원피스,rhdf*******,2021.06.21,5,인생바지될듯! 하늘하늘되는 재질에 스판 쫘악쫘악! 진짜 잘 늘어나고 너무 편해요! 대신 이너웨어를 좀 신경써야할듯! 자국이나니 조심해야됩니다! 너무 편하고 좋아요!,0,91,6,0,0
3237,3237,11stReview,온더리버,원피스,erae**,2021.07.02,5,진짜 예뻐요~~~^^ 빨간바지랑 같이 입을라고 구매했어요 잘 어울려요 살이 있어 조금 ...그래도 편하고 예뻐요 잘 구매해서 기분도 좋고 잘 입을께요~~~ 포인트가 빨간색이라 바지랑 ㅎㅎㅎ,0,105,8,0,0
3239,3239,11stReview,온더리버,원피스,whit******,2021.06.20,5,여름에 입기 좋은 얇은 재질이네요 약간 넉넉한 핏 좋아요!! 디자인 이쁘고 배송은 처음부터 빠르지 않을거라고 해서 기다리지 않았어요^^ 만족합니다^^,0,83,6,0,0
3255,3255,11stReview,온더리버,원피스,참치,2021.07.03,5,키가 작아 길면 어쩌나 했는데 너무 좋아요! 맞춤인것처럼 복숭아 뼈 위로 !! 재질도 괜찮아요!! 몇개 더 사야겠어요~~ 키작녀 분들 걱정하지마시고 사세요~~~ㅎㅎㅎ,0,92,10,0,0
3283,3283,11stReview,온더리버,원피스,erae**,2021.07.02,5,이상하게 빨간바지가 입고싶어 고민고민해서 샀는데.. 너무너무 좋아요^^ 엄청 편하고 예뻐요~~~ 정말 구매하길 잘했어요 잘 입을께요,0,73,5,0,0
3287,3287,11stReview,온더리버,원피스,예쁜복덩이엄마,2021.06.18,5,여기 옷 만족해서 자주 구입하고 있어요^^ 이번 바지도 지난번에 구매해서 입었는데 핏도 이쁘고 편해서 재구매하는 거예요~^^,0,69,5,0,0
3300,3300,11stReview,온더리버,원피스,mr40**************,2021.06.30,5,주문하고 다음날 왔어요!! 배송이 정말 빨라요!! 옷색도 화면 그대로이고 편하게 입기 아주 좋을 것 같아요!! 가볍게 잘 입을게요!!,0,74,8,0,0
3331,3331,11stReview,온더리버,원피스,널위한후기,2021.06.25,5,베이지색 샀다가 괜찮아서 검은색도 샀어요~~ㅋㅋ 그냥 편하게 입고 다닐만 합니다~^^,0,47,5,0,0
3356,3356,11stReview,온더리버,원피스,예쁜복덩이엄마,2021.06.23,5,바지가 가격 대비 퀄리티가 높네요~^^ 일단 정말 편하구요~ 입었을때 핏도 예뻐요~ 배송은 빠릅니다^^,0,57,7,0,0
3361,3361,11stReview,온더리버,원피스,예쁜복덩이엄마,2021.06.23,5,배송은 빠릅니다~^^ 흰셔츠가 필요해서 샀는데 괜찮네요~ 바지 안에 넣어서 입으니까 예뻐요^^,0,52,6,0,0
3490,3490,11stReview,온더리버,원피스,seye****,2021.07.03,5,올~~~짧지도 안은기장!!넘 조아여 살짝 덥네여ㅎㅎㅎ 가격대비 상품 은 굿!!,0,43,7,0,0
3510,3510,11stReview,온더리버,원피스,naeu*****,2021.07.14,5,깔끔하고 여리여리해요~^^ 예쁘고 좋아요~~^^배송은 2주 가량 걸렸어요~,0,41,8,0,0
3530,3530,11stReview,온더리버,원피스,riji****,2021.07.07,5,편하게 입을수 있고 괜찮은 옷!!!색깔도 이쁜 레드!!,0,30,5,0,0
3533,3533,11stReview,온더리버,원피스,sksr*******,2021.07.10,5,이뿌네요~ 원했던 스타일이네요!! 이뿌게 입을께요^^,0,29,5,0,0
3542,3542,11stReview,온더리버,원피스,army****,2021.06.23,5,배송은 정말 정말 느렸지만 상품은 만족합니다~~~~~! 좋아요,0,34,6,0,0
3590,3590,11stReview,온더리버,원피스,jua0***,2021.06.25,5,포인트 있는거랑 최저가 찾아서 구매완료. 네이*에서 검색해보고 옷 골라놓고 11번가에서도 찾아봤어요. 네이*보다저렴해서 구매완료. 혹시나 싶어서 더 서치하기. 할인행사해서 더 저렴한 가격에 구입ㅋ 전에 구매한 옷은 환불처리완료. 포인트 3000점정도에다 할인가에 사서 5000원돈에 구입완료 ㅋㅋㅋㅋ 굿굿 ㅋㅋ 저렴하게 사서 기분이가 좋아요♥ ㅋ 재질은 좀 까슬하지만 여름에 에어컨이나 바람 좀 불고 서늘한 날에 사용하면 아주 굿일것 같아요 저녁에 스벅 쿠폰 쓰러 나갔다가 입었는데 좋았어요. 마트 냉장코너에서도 아주 좋을듯하네요~~♥단 옷 입을때 조심히 입어야겠어요. 어디 긁히면 올이 풀릴것 같아 조심스럽네요~,0,343,5,0,0
3597,3597,11stReview,온더리버,원피스,shin*****,2021.06.25,5,버디스트라이프트임카라넥니트 / 저렴한 가격 생각하면 잘 산 것 같아요. 옷이 귀여워요. 완전 딱 달라붙는 핏 아니고 널널한 핏이라 편하네요. 근데 생각보다 짧았고 생각보다 파여있었다는점? 암튼 가격대비 만족스러워양~~ 배송은 주말에 시켜서 화요일 출고 수요일에 받음!,0,149,5,0,0
3598,3598,11stReview,온더리버,원피스,tjdu*****,2021.06.22,5,검정색 산 거 진짜 너무 편한데 제 체구엔 너무 컸거든요? 어느 정도냐면 183짜리 남자애가 길이만 좀 아쉽고 편하게 입을 수 있을 정도! 암튼 걔가 편하다고 가져가서 검정이랑 베이지 새로 주문했는데 받는 데... 3주쯤 걸렸나요...? 여름 지나기 전에 받았으니... 만족 하겠습니다... 아 근데 이거 진짜 엄청 커요 허리끈 있어도 큼 통도 너무 크고 허리도 너무 크고 길이도 길어요!!!,0,219,6,0,0
3626,3626,11stReview,온더리버,원피스,leey******************,2021.07.09,5,완전 예뻐요~ 이 가격에 이렇게 이쁠수 있나요~~?? 여기다가 자켓이나 가디건 걸치면 활용도 굿이겠어요~ 색깔별로 다 사고 싶습니다^^,0,75,8,0,0
3628,3628,11stReview,온더리버,원피스,char***,2021.07.03,5,집에서 잠옷으로 입기에 딱이에요. 건조기 돌리니까 목부분이 쪼여서 그거는 조금 힘드네요~~ 편하게 입기좋습니다 .재구매.의사있어요~!!,0,75,5,0,0
3658,3658,11stReview,온더리버,원피스,summ**,2021.06.15,5,사진만큼 예쁘네요~~^^ 저렴한 가격에 너무 만족해요 배송이 조금 그리고 한번에 다받지는 못하고 띄엄띄엄 받았지만~ 그래도 누락없이 모두받았네요 고생하셨어요~~,0,89,7,0,0
3659,3659,11stReview,온더리버,원피스,summ**,2021.06.15,5,사진만큼 예쁘네요~~^^ 저렴한 가격에 너무 만족해요 배송이 조금 그리고 한번에 다받지는 못하고 띄엄띄엄 받았지만~ 그래도 누락없이 모두받았네요 고생하셨어요~~,0,89,7,0,0
3668,3668,11stReview,온더리버,원피스,yaon****,2021.06.24,5,우선 배송이 너무너무 느렸어요~ ㅜㅠ 문의글이 많더라고요~ 그래서 그냥 맘 편히 기다림. 상품은 화면과 같고~ 약간은 시원한 재질~ 예상했던 제품이라 만족~,0,87,5,0,0
3724,3724,11stReview,베베숲,물티슈,free*****,2021.07.12,5,역시 물티슈하면 베베숲이죠!!! 여러가지 사용하다가 정착한 물티슈거든요~ 부드럽고 쫀쫀하고 도톰해서 완전 맘에들어요! 떨어지기전에 재구매해서 꽉꽉 채워두는데.. 행사까지 하니까 더 좋네요^^ 애기가 아직 어려서 집에서 물티슈를 쓸일이 많아요~ 얼굴부터 손이나 발.. 기저귀를 착용하고있어서.. 하루에 1~2개는 기본으로 쓰고있는거같아요~ 이젠 애기가 알아서 뽑아쓰기도해요ㅋㅋㅋ,0,210,10,1,3
3727,3727,11stReview,베베숲,물티슈,free*****,2021.07.12,5,"계속 구매해서 사용하고있어요~ 레드, 블루, 그린 다 좋더라고요~ 세일할때 많이 사두고싶지만..ㅠㅠ 집이 좁아서 담아둘수있는만큼만 주문해요...ㅠㅠ 애기가 아직 기저귀를 착용하니~~ 물티슈가 하루에 1~2개씩 사용하게되더라고요... 촉감놀이라도 하는날은...ㅎㄷㄷ 큰차이가 없어서 돌아가면서 주문하고있어요~ 행사까지 하고있어서 더 좋네요!!!!",0,192,10,0,1
3740,3740,11stReview,베베숲,물티슈,lyr0***,2021.07.02,5,첫쨋때부터 너무 좋아하는 내친구 베베숲!!! 지금은 둘째까지 너무 커서 애들 닦는 용도보다는 주위나 청소할때 더 많이쓰지만.. 그래도 계속 프리미어만 쓰게된다는...ㅋㅋㅋㅋ 오랜친구라 익숙핸 느낌??ㅎㅎㅎ 도톰해서 쓰기도 편하고 ？Q이에요!!!^0^/♡♡♡,0,143,11,1,0
3742,3742,11stReview,베베숲,물티슈,kkm3***,2021.07.10,5,울 아가를 위해 항상 베베숱 레드만 믿고 사용했어요~ 두께감도 좋고 만족했어요~ 시그니처 블루 딜이 떠서 첨으로 블루를 사용하게 되었는데 역시 블루도 좋네요~~ 연약한 아기피부에 사용할거라 다른 물티슈는 좀 꺼려지더라고요~~계속 쭈욱 베베숱만 사용하겠습니다 자주 딜 해주세요~~~*^^*,0,160,13,0,1
3744,3744,11stReview,베베숲,물티슈,gusw*****,2021.06.26,5,확실히100매보다 70매짜리가 더 도톰하거 좋네요! 나름 지주쓰는 브렌드임당!생활의 필수여서 빠질수없는 물티슈네요ㅎㅎ거기다 카밍 휴대용물티슈12입까지! 생각지도 않고 있었는데 따로 오늘 토욜 배송도착했네요~서프라이즈 처럼! 주신것도 잘 사용하겠슴당!!,0,140,7,0,2
3749,3749,11stReview,베베숲,물티슈,june****,2021.06.16,5,항상애정하고 쟁여놓는 템~훗훗 두께도 꽤나 도톰하고 휴대용사이즈도 너무너무 맘에 들어요 이전에 레드 사용하고 있었는데 두께크게 상관없으시면 블루나 60정도 되는것 사용하셔도 좋아요~ 울 아가즐 피부는 소중하니까요~^^*,0,122,6,0,0
3756,3756,11stReview,베베숲,물티슈,youn*******,2021.07.13,5,"워낙에 믿고 쓰는 제품이라서 단점이 전혀 없어요~ 수분감도 너무 좋고, 아이들 쓰면서 문제된적도 없구요!! 진짜 한장한장 너무 잘 나와서 좋더라구요^^ 10년 가까이 두아들 키우면서 잘 쓰고 있어요!!",0,112,7,0,0
3762,3762,11stReview,베베숲,물티슈,hs48******,2021.07.09,5,물티슈 부자됐어요^^ 그린은 안써봤는데 휴대용으로 딱 좋을것같아요! 쿠폰써서 3만원도 안줬는데 이렇게 많이 받다니^^ 한동안 물티슈 걱정 없겠어요 베베숩은 몇 년째 사용하고 있어요 트러블 없고 가성이 최고입니다!,0,118,6,0,2
3786,3786,11stReview,베베숲,물티슈,love***,2021.07.13,5,역시 베베숲이여요~ 핫딜떠서 하게 주문했네요 휴대용도 같이왔어요~ 배송이늦에 밤늦게오긴했지만 무난해요ㅡ약간의 찌그러짐은있었습니다~~ 최근제조일로왔어요~ ㅎ,0,86,5,1,0
3788,3788,11stReview,베베숲,물티슈,stro*******,2021.06.22,5,"물티슈가 워낙 종류가 많아졌는데, 그래도 베베숲 세일할 때 쟁여두는게 좋아요. 잘 모르는 브랜드 쓰는것 보다 안심되고 낫더라구요~^^ 잘 정리했습니다~^^ 상자 잘 나눠서 보내주시고 감사합니다",0,107,6,1,1
3821,3821,11stReview,베베숲,물티슈,mjk7**,2021.06.18,5,가게 손님들 필요하시면 쓰시라고 베베숲물티슈를 두었는데 너무 잘쓰시고 좋아하시네요~~^^;;자주 구입해서 씁니다~~ 흠잡을대없어요!!잘쓰고 재구매할께요~~~,0,87,11,1,1
3867,3867,11stReview,베베숲,물티슈,leaf****,2021.07.10,5,"일단 배송이 엄청 빨랐어요! 아직 아기 태어나기 전이라 사용은 안했는데, 사용기한 1년에요. 여유롭게 쓸수있어 좋네요~~))",0,69,5,0,0
3877,3877,11stReview,베베숲,물티슈,mina**************,2021.07.11,5,한달에 40팩 항상 쟁겨요 아이들이 다 컸는데도 물티슈사용이 익숙해져서 계속 쓰네요^^ 베베숲 최고예용~ 전 항상 뒤집어서 보관합니다~^^,0,77,6,1,1
3878,3878,11stReview,베베숲,물티슈,mina**************,2021.07.11,5,한달에 40팩 항상 쟁겨요 아이들이 다 컸는데도 물티슈사용이 익숙해져서 계속 쓰네요^^ 베베숲 최고예용~ 전 항상 뒤집어서 보관합니다~^^,0,77,6,1,1
3898,3898,11stReview,베베숲,물티슈,m625***,2021.07.06,5,아직 사용전이지만 막내 태어나고 햇수4년째 베베숲만 쓰고있습니다. 믿쓰베!!!! 100매라 뚱뚱한 물티슈가 왔네요^^,0,65,6,1,1
3917,3917,11stReview,베베숲,물티슈,gusr******,2021.07.07,5,믿고 주문하는 베베숲.! 질.양 다 만족하고 쓰고 있습니다~ 저렴하게 판매해서 항상 딜뜨면 구매합니다. 잘쓰겠습니다^^~~~,0,69,7,1,0
3938,3938,11stReview,베베숲,물티슈,m022**,2021.07.15,5,첫째때부터 이것저것 쓰다가 베베숲으로 정착한지 6년째 입니다:-) 애들이 이제 7살 4살인데 물티슈만큼은 베베숲 써요ㅎㅎ 블루랑 그린 번갈아 쓰는데 다른 물티슈를 쓰면 뭔가 만족스럽지 못한다랄까ㅠ 쿠폰 할인까지 받으면 가격대비 완전 최고에요^^ 제가 만족스러운 물티슈가 나타날때까지(과연...) 저는 항상 베베숲입니다^^,0,179,9,3,3
3945,3945,11stReview,베베숲,물티슈,june****,2021.06.16,5,블루랑 휴대용 너무 알차게 샀고 두께도 넘 맘에 들고 이전에 레드 쓴거라 두께도 큰 차이가 없네요~ 앞으로도 긋긋긋~^^*,0,68,5,0,0
4032,4032,11stReview,베베숲,물티슈,ssa8***,2021.07.15,5,베베숲 물티슈를 구매를 자주하는데 만족하는 물티슈 중 최고에요ㅎㅎ 비싸서 잘 사지 못하지만 가격 좋을 때 사면 너무 좋아요^^ 이번에 좋은 가격에 살 수 있어서 항상 블루를 구매하다가 블루보다 조금 더 두꺼운 레드를 구매하게 되었어요. 안써봐도 어떤지 아니까 완전 만족!!! 제조일도 완전 만족ㅋ일주일 전에 만들었네요^^ 강력 추천ㅋ,0,186,7,1,2
4033,4033,11stReview,베베숲,물티슈,zira******,2021.07.15,5,베베숲만 주문해요~~~~~!,0,15,6,1,0
4124,4124,11stReview,베베숲,물티슈,jung****,2021.06.19,5,시그니쳐블루는도착전인데사은행사인카밍65휴대용과같이시킨카밍75슬림은빨리도착했네여~^^ 카밍나온뒤론카밍만쓰게되서믿고쓰는베베숲입니다~ 시그니쳐블루도좋은가격에딜떠서득템했어여~~~,0,95,7,1,0
4141,4141,11stReview,베베숲,물티슈,aaaa****,2021.07.07,5,항상 베베숲만써요~^^ 블루쓰다가 레드로 써요~^^ 레드가 좋아요~,0,37,7,1,0
4177,4177,11stReview,베베숲,물티슈,llll**,2021.07.12,5,아기키우고 있어요~ 첫째때 부터 베베숲만 썼어요~~ 품질도 좋고<~,0,37,5,1,0
4205,4205,11stReview,베베숲,물티슈,boki****,2021.07.08,5,시그니쳐 블루를 저렴한 가격에 잘 샀어요~~ 두껍고 좋아요~^^,0,35,5,0,0
4221,4221,11stReview,베베숲,물티슈,짱짱맨,2021.06.22,5,배송도 빠르고 잘 받았어요 항상 사용하는 제품입니다~~~^^,0,33,5,0,0
4257,4257,11stReview,걸핀스,헤어집게핀,toyo****,2021.06.24,5,뒷모습 사진찍기 어려워서 앞쪽으로 찍어서 느낌만 보여드려요~ 여성스러운 분위기가 물씬나네요~^^ 평소 덤벙대고 털털한 스타일인데 이 머리끈 하고 조신하게~ 여성스럽게~ 변신!! ㅎㅎ 예뻐요! 추천합니다 ~,0,114,10,0,0
4258,4258,11stReview,걸핀스,헤어집게핀,hear*****,2021.07.09,5,일단 배송이 엄청!!빨라요ㅠㅠ 진심 화요일 점심시간직전쯤 시켰는데 담날오후에받았어요.. 최고.. 그리고 솔라 꼬임진주 중자 대자 다했는데 저는 머리가 길어서(가슴께)대자로 겨우 집혀요 중자는 그냥 반묶음용이요. 플라스틱진주인데 오히려 진주알빠질 걱정없이 그냥 막할수있어서 더좋아요~ 물론 16번 금속 반달진주가 더 고급진건 사실이지만ㅎㅎ 4번도 충분히 가성비좋네요~,0,204,6,0,0
4304,4304,11stReview,걸핀스,헤어집게핀,다사고싶은1인,2021.07.13,5,단발머리 딸아이 반머리해주려고 구매했어요 조금더 큰거 시켜도 될을 것 같아요~^^ 싼티안나고 모양은 이뻐요~^^,0,62,6,0,0
4313,4313,11stReview,걸핀스,헤어집게핀,smse*************,2021.07.08,5,잘 받았습니다~ 너무 너무 이뿌네용~ 좋은 기회에 좋은 가격으로 구매했어용~ 재구매의사 있구용~ 많이파세용~~♡,0,62,6,0,0
4317,4317,11stReview,걸핀스,헤어집게핀,다사고싶은1인,2021.07.11,5,싼 가격에 이것저것 이뻐서 많이 구매했어요~^^ 딸이랑 같이하고싶어서 사다보니 많이 사게 됐어요~ 올여름 시원하게 쓰겠어요~^^,0,71,7,0,0
4360,4360,11stReview,걸핀스,헤어집게핀,smse*************,2021.07.08,5,으앙~~ 너무 이뿌네용~ 좋은 기회에 좋은 가격으로 구매했어용~ 재구매의사 있구용~ 많이파세용~~♡,0,55,7,0,0
4433,4433,11stReview,걸핀스,헤어집게핀,다사고싶은1인,2021.07.13,5,생각보단 작은사이즈네요~~ 귀여워요~^^,0,22,5,0,0
4495,4495,11stReview,걸핀스,헤어집게핀,mm17****,2021.07.09,5,"곰돌이, mnm, 스마일을 시켰는데 아이가 좋아하네요. 만약에 아이걸로 구매하실 거면 곰돌이 추천드려용!^^ 배송은 좀 느렸지만 만족합니다~~",0,79,5,0,0
4591,4591,11stReview,걸핀스,헤어집게핀,hjs3***,2021.07.10,5,3개샀어요~~만족하며 잘사용해요~^^,0,20,5,0,0
4594,4594,11stReview,걸핀스,헤어집게핀,hh21**,2021.06.25,5,완전 찐 가성비 굿~~ 좋아용~고무줄도 튼튼 디자인도 굿~~,0,33,5,0,0
4631,4631,11stReview,걸핀스,헤어집게핀,park******,2021.07.10,5,좋네요~~^^~~^^ 배송빠르고. 항상 이용하고 있고요,0,30,8,0,0
4638,4638,11stReview,걸핀스,헤어집게핀,shin******,2021.07.08,5,빠른 배송이 최고 굿!!!!! 믿고 구매합니다~~~~~ㅣㅣ,0,32,10,0,0
4669,4669,11stReview,걸핀스,헤어집게핀,파라곤,2021.06.05,5,"옵션13: 에이틴 대용량 슈슈세트를 ￦7920에 샀어요. (정상가 ￦26400.) ￦6천이상 무배이고, 카드할인 ￦410 있구요. 개당 ￦440이에요. 무지부터 체크패턴까지 18개라 색상& 디자인이 다양해서 좋네요. 원생들 줄 건데 좋아할 듯요. 중국oem. 소재: 패브릭& 고무줄. 사이즈: 내부지름 약4cm. 스토어: 걸핀스. 총알배송입니다.",0,193,8,1,0
4678,4678,11stReview,걸핀스,헤어집게핀,파라곤,2021.04.10,5,"플라워 시스루 자수슈슈 2개가 타임딜 ￦1710이에요. 여러개 묶음배송인데 빠진 거 없이 잘 왔고, 색상도 모두 골고루 왔네요.~~~ 슈슈도 핑크랑 블루가 하나씩 왔구요. 이쁜 꽃자수가 있어서 고급스럽고, 애들이 좋아할 듯요. 원산지: 중국oem. 소재: 오간자, 고무줄. 사이즈: 10cm. 배송: 빠릅니다. (4/8~10.)",0,183,11,0,0
4696,4696,11stReview,걸핀스,헤어집게핀,inyo****,2021.04.29,5,진짜 예뻐요 쓰다가 변색은 어떻게 될지 모르겠는데 예쁜 골드색이구 큐빅도 잘 박혀 있어요 !! :) 머리길이가 허리까지 / 숱이 많지는 않은데 두번꼬아서 집으니 딱 맞네요 자주 쓸것 같아요 ^^,0,108,7,0,0
4714,4714,11stReview,걸핀스,헤어집게핀,ppkk***,2021.06.10,5,배송빨랐구요 ~ 고무줄은 사놓으면 어디갔는지 없어지고 시간지나면 삯아버리고ㅠ 소모품이니 한번씩 사둬야해요~~ 고무줄 오래쓸 수 있을 지는 써봐야 알 것 같아요~~ 그래도 저렴히 득템한 건 확실한듯 잘 쓰겠습니다^^,0,119,7,0,0
4732,4732,11stReview,걸핀스,헤어집게핀,ppkk***,2021.06.10,5,배송빠르구요 ~~ 집게 빡빡하니 힘 많이 줘야 집게열리네요ㅋㅋ 보기보다는 튼튼해보여요~~고무줄 오래쓸 수 있을 지는 써봐야 알 것 같아요~~,0,78,6,0,0
4749,4749,11stReview,걸핀스,헤어집게핀,aisi*****,2021.03.22,5,머리가 긴편인데도 전체적으로 잘 잡아줘요!! 산것중에 유일하게 안아까운거같아요~ 디자인도 싼티안나고 하나더 구입하고싶네요:),0,69,5,0,0
4759,4759,11stReview,걸핀스,헤어집게핀,su10*****,2021.05.05,5,저렴한 가격인데~~고급스러워요~~ 이가격에 이정도면 만족해요~~ 머리를 잘 잡아줘서 흘러내리지 않아서 엄마가 만족해요,0,65,6,0,0
4760,4760,11stReview,걸핀스,헤어집게핀,inyo****,2021.04.29,5,랜덤 배송인데 제가 좋아하는 분홍색이 와서 좋네요 ㅋㅋ 박 심플하게 팔목에 차고다닐 수도 있고 머리에도 찰떡 입니다!! 많이많이사세요~~~,0,77,5,0,0
4782,4782,11stReview,걸핀스,헤어집게핀,ppkk***,2021.06.10,5,배송 빨랐구요 ~~ 가격 저렴해서 기대 많이 안 했는데 재질 싼티안나고 좋습니다~~ 고무줄 오래쓸 수 있을 지는 써봐야 알 것 같아요~~,0,76,6,0,0
4785,4785,11stReview,걸핀스,헤어집게핀,duck****,2021.04.30,5,구매하고 싶엇엇는데.기다리고 있엇는데 마침 저렴한 가격으로 하길래 잽싸게 샀어요~~행사이용시 행복하네요~ 다음에 또 구매각입니다~~♡♡,0,75,5,0,0
4822,4822,11stReview,에스콰이아,가방,pyji***,2021.07.02,5,"빠른 배송 감사합니다~~~~ 디자인, 색상 모두 마음에 들어요!!",0,36,6,0,0
4847,4847,11stReview,에스콰이아,가방,*******,2021.06.20,5,가성비 정말 대만족입니다~!!! 누가 이가격에 구매했을거라 생각할까요~ 동네 편하게 들고 다니기 딱이에요!! 주변에서도 가격듣고 놀라네요. 또 하나 쟁겨둬야하나~ㅎㅎ,0,92,8,0,0
4851,4851,11stReview,에스콰이아,가방,tjst****,2021.07.10,5,"검정색은 깔끔해보이는데,저는 개인적으로 아이보리색이 더이쁜것같아요!!아이보리 이뻐서 검정색두 같이 구매했어요~^^아이보리는 심플하고 고급져보여요!!",0,82,7,0,0
4884,4884,11stReview,에스콰이아,가방,you2*****,2021.06.30,5,기대안하구 주문한건데 완죤 이뻐용~~~ 수납도 넉넉 컬러도 완벽...배송도 굿...... 전부전부 맘에 듭니다~~~~~ 또 주문할께용~~^^,0,78,12,0,0
4946,4946,11stReview,에스콰이아,가방,띠우미,2020.06.18,5,"언제든지 들 수 있는 무난한 데일리백을 갖고 싶었는데 마침 에스콰이아 가방이 저렴하게 판매하고 있어 약 2만 9천원에 제품을 구입했습니다. 사이즈는 딱 너무 작지도, 크지도 않아 화장품이나 지갑 등등 평소 자주 들고다니는 용품들은 충분히 들어가는 크기였어요! 작은 주머니도 조금씩 있어서 이어폰, 립 등 보관하기 좋았고요, 특히나 스카프가 포인트로 되어있어 더욱 마음에 들었습니다. 탈부착도 가능하고 지겨워지면 다른 스카프로 변경할 수 있다는 점도 매우 만족스러웠어요! 착용샷 및 생생한 리뷰는 영상을 확인해주시고, 도움이 되셨다면 꾹~! 을 눌러주세요 :D - 11번가 리뷰어 꾸루 1기 활동으로 작성되었습니다. -",0,345,7,1,1
4948,4948,11stReview,에스콰이아,가방,hey1*************,2021.03.04,5,"동화감성 그림으로 잘 알려진 '소노비' 제품이라 사실 의외라고 느꼈어요. 그림 그려진 제품만 봐서 그런지 그림 없이 스카프가 있는 디자인이라서..ㅎㅎ 동영상처럼 수납공간이 나누어진 구조라 가장 마음에 들었습니다. 숄더&핸드백의 경우 보통 그 크기나 디자인 상 크고 무거운 물건을 넣고 다니기엔 적합하지 않은 편이니까요. 게다가 저는 잡다한 물건들을 많이 들고 다녀서 통 수납공간인 가방에선 물건을 찾지 못하는 경우가 부지기수라 오히려 더 좋아요. 통 수납공간인 가방은 A4용지 사이즈의 서류나 책 같은 것을 (단단한 파일에 넣지 않으면 구겨지겠지만) 수납할 수 있겠으나 이렇게 수납공간이 분리된 가방은 A5 이하 사이즈까지가 무난히 들어갈 수 있다는 것이 특징이겠죠. 다만 가방 소재가 단단하기 때문에 서류나 책이 들어가기만 하면 구겨질 일은 적을 것 같습니다. (쓸데없이 종이나 서류같은 것들을 가지고 다니게 되어서 신경쓰게 되더라고요.) 소노비에서 나오는 그림 그려진 가방을 선물받아 쓴 적이 있는데, 관리를 잘 하지 못한 데다 더이상 학생도 아니라서 쓰기가 망설여 정리했는데, 사고 보니 소노비라 괜히 반갑네요. 다만 소노비 제품에 몇 년 전부터 달려있기 시작한 금속 날개 로고?는 이 제품에는 없습니다. 그야말로 클래식 디자인 끝판왕 ㅎㅎ 단색디자인에 스카프만 하나 묶여 있어 깔끔하니 더 좋네요.ㅎㅎ 정장에도 어울릴 듯하구요. 언제부턴가 몸의 비대칭 때문에 불편을 느껴서 최대한 양쪽 균일하게 무게를 감당하기 위해서 보통 백팩을 사용하는데, 가끔 바람쐬러 나갈 때 입으려고 사고 싶었던 코트를 샀더니 백팩을 맬 수가 없는 디자인이라 들고 다니는 가방을 보게 되었습니다. 거의 안 쓸 것이기에 비싼 것은 전혀 필요 없었구요. 찾다 보니 11번가에서 신상을 할인하길래 쓱 둘러봤습니다.ㅎㅎ 우선 3월 3일에 확인했던 같은 제품 판매가보다 저렴한 가격으로 사서, 더 망설이지 말고 그 날 사길 잘했다고 느꼈어요. 스트레스가 날로 심해지고 있어 스스로 위로하는 차원에서 살까 말까 망설였거든요. 돈을 하도 써서 가진 게 없어가지고ㅠ..ㅎㅎ 선물하기로 구매하니 포인트 선물도 더 받고, 천 원 정도기는 하지만 일반 구매보다 쿠폰금액도 더 높아 정말 저렴하게 샀습니다. ㅎㅎ 잘 쓰겠습니다. 근데 정말 거의 안써서 내일이 두 번째 쓰는 거네요..ㅋㅋㅋㅋㅋㅋ 놀러 많이 가야겠어요...ㅋ...",0,1169,8,0,6
4950,4950,11stReview,에스콰이아,가방,샤핑은나의힘,2021.01.22,5,"와~ 이번에 쿠폰 행사 덕분에 정말 저렴하게 구매했네요^^ 가방은 이것 저것 있지만 요즘은 간소한 가방을 들고 다니고 싶더라구요. 또 유행중 이기도 하구요. 보통의 핸드폰 미니백들은 작아서 핸드폰 하나만 넣으면 끝이라 조금 더 들어가는게 없나 살피고 있었어요. 그런데 제 눈에 확~~들어온 소노비 미니백~~ 각설하고 넘 맘에 드네요. 사진에서 본 그대로 이구요. 크로스 끈이 있어서 둘러매도 이쁘고, 끈을 떼고 그냥 들어도 넘 귀여워요. 핸드폰, 카드지갑, 차키, 핸드크림, 립스틱 정도는 정말 정말 가져다니는 물건이라서 이게 다 들어가야 하거든요. 근데 이걸 다 소화 한다는거 아닌가요.ㅎㅎㅎ 그래도 가방에 자리가 남네요. 작긴 하지만 입구에 손이 쉽게 들어가고 나와서 물건 찾거나 헤매지 않아도 되네요. 저는 딸이 둘이라서 저랑 셋이 다 사용해도 되니 정말 2만원의 행복이네요^^ 오늘 딸이 매고 외출하고 돌아왔는데 아주 만족이랍니다. 소가죽 가방인데 이 가격에 구매 할 수 있어 행운이네요^^",0,502,11,0,4
4955,4955,11stReview,에스콰이아,가방,frei***,2021.01.24,5,"2만원대에 이런 상품이라니, 완전 기대이상이고 강추해요ㅜ 편하게 막들고 다닐 가방이 필요하던 차에 저렴한 가격에 주문해봤어요ㅡ 택배,포장,제품상태 완전 양호합니다! 뽁뽁이까지 꼼꼼히 싸서 큼직한 택배박스에 넣어 빠르게 배송해주셨어요. 가방안에 크로스끈과 더스트백 함께 들어있어요. 제 키가 176이라 끈이 짧은 경우가 많아서 신경쓰는 편인데 상세정보에 크로스끈 길이가 없더라구요. 그런데 길이 넉넉해서 좋습니다. 기본 상태에서 120정도되는듯하고 길이조절하면 130정도 되는것같아요! 그리고 가방이 가벼워서 너무좋네요. 가방에 이것저것 다 싸들고 다니는 타입인데 가방 기본무게가 굉장히 가벼운편이라 부담없어요. 또, 끈 연결부위 상세사진 첨부했어요! 참 장식, 토드끈은 분리안되는 고정식이니 참고하세요^^ 마지막으로 딱 하나 단점까진 아니지만 흠이 하나 있다면.. 같이주신 더스트백은.... 작아서 가방이 안들어갑니다;; 완전 꽉끼여서 밀어넣어야되는..? 밀어넣는다 쳐도 높이도 부족해서 입구가 줄여지지않아요^^;",0,511,8,0,6
4957,4957,11stReview,에스콰이아,가방,libe****,2021.05.04,5,와우~저렴한 가격에 아주 정성스럽게 싸매서 보내주셨네요! +_+ 처음에 택배 박스 보고 웃었어요! 상품 보다 엄청 큰 관짝에 넣어 보내셔서ㅋㅋㅋㅋㅋ냥이 몇마리나 들어갈까나~ 가방 중간에 경계막(?) 같은 부분은 밑에까지 바느질 된 건 아닙니다. 이 밑에 부분 꼬매논 부분에 실밥 정리가 좀 안되긴 했다만 전체적인 부분에서는 깔끔하게 정리! 손잡이 부분은 일체형으로(연결 고리 못 뺌) 장식으로 달아논 털 뭉치 요것도 일체형~ 손잡이 부분이랑 전체적인 색이랑 약간 차이나게 제작된 상품~몸이 핑크가 들어간 베이지라면 손잡이는 핑크가 없는 베이지~그런데 컬러감을 크게 격차를 두지않았기에 거슬리지 않아요~ 만족합니다!,0,343,17,0,1
4962,4962,11stReview,에스콰이아,가방,mj84**,2021.01.20,5,최고 최고 최고예요~~~ 사진보고 주문하면서 기대한 것 보다 훨~씬 좋아요 사이즈가 큰 가방인가 했는데 넘 귀여워요 작고 딴딴해 보이고 고급진게 포장을 뜯는 순간 감동했네요 네이비색이 캐주얼해 보이면서 고급스러워요 오랫동안 애정하며 들고 다니겠죠?,0,138,5,0,1
4963,4963,11stReview,에스콰이아,가방,tkek******,2021.05.11,5,"엄청 오래걸렸지만 처음부터 예약구매공지상품이었고 약속한 날짜에 딱! 받았으니 배송도 굿 인걸로! 포장 꼼꼼했고, 마감 좋고요, 색도 갠츈. 원래 20*25정도의 작은 버킷 좋아하는데 아주 가~~~끔 서류 넣고싶을때 불편해서 하나 사봤어요. 이백이 26*30인데 셔류폴더 넣고 잠기진 않지만 쏙 들어가네요. (서류가 위로 살짝튀어나오더라도 딱 요두개의 중간크기를 사고싶은데 잘없음 ㅠ) 가방이 꽤 길고 커서, 크로스끈 젤짧게 줄여도 숄더로 메기는 좀 이상한 비주얼이라, 장식으로 묶여있는 미니스카프를 끈처럼 묶었는데 숄더끈 길이로 딱 좋네요. 스카프 싼티나서 버릴려그랬는데 ㅋㅋ 대안이 생길때까지 이렇게 쓰려구요. 이만삼천얼만가 결제했는데, 아무리 중국같은데서 만들어온대도 이가격에 이퀄리티 어찌 이렇게 팔수있는지 진짜 궁금합니？い빱？ 진짜 은혜로워요. 이게 큰회사의 힘인가봅니다... (소상공인 화이팅 ㅠ 갑자기...?ㅋㅋ)",0,461,12,0,1
4974,4974,11stReview,에스콰이아,가방,rjsd**,2021.03.11,5,"가방안에 종이 충전물, 겉은 뽁뽁이로 감싸져서 왔어요 가방 안에 더스트백도 접혀서 왔더라구요 나중에 여행갈때 신발 넣어가면 딱 좋을듯한...여튼 적당한크기에 막 들고다닐 가벼운 가방을 원해서 주문했는데 맘에 들어요~ 사진보다는 약간 더 커보이지만 괜찮아요 가방끈은 2개 왔는데 아마도 짧은 끈을 더 자주 사용할 것 같아요. 잘 쓰겠습니다~~",0,190,3,0,4
4976,4976,11stReview,에스콰이아,가방,hyun*******,2021.04.03,5,적당히 작고 예뻐요~^^ 고민하다가 골랐는데. 토트로 들어도 어깨에 메도 예쁘네요~^^ 양쪽 수납이고. 완전 닫히는게 아니라서 거꾸로 들면 쏟아질수도 있겠지만 잠그면 잘 오므려져서 걱정은 안되네요 쿠폰할인폭이 커져서 37.100원에 구매했어요 더스트백 안에 들어있고. 가벼워요 냄새가 마니나서 베란다에 몇일 걸어두려구요,0,178,6,0,0
4985,4985,11stReview,에스콰이아,가방,초코하임,2021.04.02,5,"리뷰 잘 안쓰는데 가방 너무 귀엽고 가볍고 난리..!! 포토리뷰 봤을때 생각보다 커보여서 망설였는데 저한텐(166cm) 앙증 그 자체!!!!! 이 가죽도 좋고 디자인도 미니멀하고 너무 좋아요!!! 베이지, 남색 트렌치 핑크, 흰샛 가디건등 어떤코디에도 잘 어울릴거같아 기대돼요! 간만에 11번가 쇼핑 제대로 득템했어요 라뷰라뷰 알라뷰",0,186,13,0,1
4987,4987,11stReview,에스콰이아,가방,k730***,2021.02.16,5,가성비 짱입니다.너무 저렴해서 걱정했는데..5만원주고 사도 만족했을듯해요..19800원 횡재했네요.마감 너무 깔끔하구요.체인두 고급스러워요.딸이 너무 좋아해요~ 가방 3개 샀는데 더 살려구요~(다만 합성피혁이여요.컬리티는 가죽같아요~) 파우치도있어 보관하기 좋아요~,0,148,6,0,1
4988,4988,11stReview,에스콰이아,가방,kidr**,2021.05.13,5,작은 가방이 갖고 싶어서 구매했어요~ 생각보다 수납공간이 많아서 좋아요 지퍼 열지 않고도 똑딱이로 열어서 휴대폰 쓱 넣을 수 있어 편리하고! 공간도 커서 고양이캔 하나 정도는 들어가도 티 안날거 같네요~~~ 장식으로 달려있는 건 고양이들이 또 엄청 좋아해서 ㅋㅋㅋㅋㅋㅋ 가지고 놀으라고 양보해야겠어요.,0,168,5,0,1
4993,4993,11stReview,에스콰이아,가방,chae********,2021.04.07,5,그럭저럭 만족합니다. 얇은 합성가죽이고..세워두면 딱!서 있습니다 ^^. 아래쪽으론 두겹처럼 좀 도톰하고.. 노트북 넣고 이것저것 챙겨서 편하게 다니기 좋은 사이즈. 가운데 여밈은 자석단추^^ 엄청 ？d~!!잘 붙어요^^. 잘 받았습니다. 감사합니다.,0,140,10,0,0
4995,4995,11stReview,에스콰이아,가방,theo******,2021.04.28,5,예약상품이라 배송은 신경 안썼어요~ 생각보다 크기가 작았는데 오히려 좋았어요~ 인조가죽이지만 부드럽고 마감이 잘 되있습니다 포장상태도 좋아요~ 봄여름가을용으로 잘 맬 수 있을 것 같아요^^,0,105,5,0,0
5007,5007,11stReview,에스콰이아,가방,lsy6***,2021.04.18,5,패드를 갖고 다녀야 하는데 가방에 쏙 들어가고 수납공간도 많아서 너무 너무 좋아요 지인들에가 추천 마니해서 깔별로 구매들 하셨어요~^^* 지인들은 배송이 늦었는데 전 일찍주문해서 그런지 빨리왔어요 금액이 저렴해서 더욱더 좋았어요~^^*,0,131,8,0,1
5029,5029,11stReview,에스콰이아,가방,park***,2021.01.19,5,보자마자 예뻐서 구매했어요~~~~ 실물도 너무 맘에 들어요 특이해서 좋아요^^ 또 가격도 너무 착해요!!!!!!!!! 너무 맘에들지만 ㅠㅠ 동영상보시면 마감부분이 약한것같아 무거운물건들 넣으면 금방 끊어질것같아 이 부분만 아쉽네요 ㅠㅠ그래도 가방 너무 예쁩니다~~~~,0,149,19,0,1
5036,5036,11stReview,에스콰이아,가방,이제그만사야됨,2021.03.14,5,넘 예뻐요:) 봄에 멜 밝은색 가방 찾고 있었는데 딱인것 같아요 키163 착용시 사이즈 참고 하세요 옐로우 투피스-로엠 / 베스트-플라이핏,0,77,5,0,1
5042,5042,11stReview,에스콰이아,가방,kmj8**,2020.12.29,5,"32,340원 구입 / 생각했던 것 보다 크지 않고 적당한 크기입니다. 가운데 수납공간이 나뉘어져 있습니다. 무겁지 않고 고급스러워 무척 잘 들고 다닙니다~~^^",0,90,5,0,0
5047,5047,11stReview,에스콰이아,가방,hs89****,2020.10.05,5,사실 버클 각도를 맞춰서 잠궈야하는 점 빼고는 정말 전부 다 마음에 들어요 마감도 깔끌하고 고급스러워 보이구용!! 수난공간도 가방크기에 비해 넉넉하고 아주 좋습니아!!! 색상도 완벽한 검정이라기 보단 회색빛이 조금 도는 검정이에요 저렴한 가격에 좋게 구입했어요!,0,146,6,0,1
5053,5053,11stReview,에스콰이아,가방,cesl***,2021.04.20,5,저렴한 가격에 딱 원하는 사이즈의 가방이네요~~ 만족그럽습니다~ 마트 다닐때 막 쓰려고 샀는데~~ 밝은색도 있었으면 더 사고 싶네요~~ 지퍼 부분이 살짝 뻑뻑한 느낌이네요 열고 닫을때 먀끄럽지가 않아요 길들이면 나아질려나...,0,126,7,0,1
5083,5083,11stReview,에스콰이아,가방,bum3***,2021.05.04,5,이미지에 봤던거처럼 가방크기는 어느정도 있어요! 수납공간은 살짝 부족하지만 가방크기가 커서 많이넣어도 될만큼은 ^^ 파우치도 좋아요! 어머님께서 좋아하십니다~.~,0,90,6,0,2
5086,5086,11stReview,에스콰이아,가방,jinn****,2021.05.22,5,초등딸램이 사달래서 샀어요~~민트인줄 알았는데 밝은 하늘색같아요~ 그래도 넘 이쁘네요~울딸 대만족! 팬시점가서 사는 가방보다 싸고 질좋고 이쁘고! 득템했습니다~~,0,90,8,0,1
5095,5095,11stReview,에스콰이아,가방,namk***,2021.01.19,5,"형지에스콰이어 에코백을 부담없이 구매했는데 생각보다 예뻐서요, 가성비가 좋은 것을 잘 산거 같아요~~~ 득템했습니다^^ ㅎㅎㅎ",0,70,5,0,0
5123,5123,11stReview,에스콰이아,가방,thsg******,2021.06.11,5,배송도빠르고 엄마가 좋아해서 만족합니다!! 사진색은 베이지핑크?? 였는데 오니깐 베이지가 가 맞는것같아요!!,0,60,6,0,0
5124,5124,11stReview,에스콰이아,가방,imyo*******,2021.05.20,5,생각했던것보다 더 예쁘네요~ 끈도 두가지라 너무 맘에들어요~ 쿠폰으로 저렴하게 살수있어서 좋았어요~ 잘들고 댕길게요~^^,0,67,6,0,0
5134,5134,11stReview,에스콰이아,가방,banz******,2021.01.25,5,배송이 급나 빨라요...가격대비 고급스럽고 제가 딱 원하는 사이즈입니다...행사해서 엄청나게 저렴이로 구매...^^ 감사합니다~~~~,0,74,6,0,0
5183,5183,11stReview,에스콰이아,가방,sunh******,2021.01.19,5,색이 굉장히고급지게 빠졌네요~ 가죽도 너무좋구요~~ 가방자체가 고급집니다~~,0,42,5,0,1
5189,5189,11stReview,에스콰이아,가방,imyo*******,2021.05.20,5,생각보다 더 미니백이네요~ 딱 필요한것만 들고 댕겨야겠어요~ 귀엽고 밝은색이라 지금 들고다니기 딱 좋을듯요~ ^^,0,63,5,0,0
5217,5217,11stReview,에스콰이아,가방,jinn****,2021.05.22,5,앙증맞고 럭셔리한 백이네요^^ 이런걸 이가격에 사다니?운이 좋았다고 생각해요^^투톤처리가 고급집니다^^,0,57,7,0,0
5263,5263,11stReview,에스콰이아,가방,fbrh*****,2021.06.01,5,엄청 탄탄하고 가벼워요!! 스크레치에도 강한 소재이고 포장도 엄청 튼튼하게 보내주셨네요 감사합니다~~ !!,0,59,6,0,0
5273,5273,11stReview,에스콰이아,가방,isin****,2021.04.02,5,꼼꼼한 포장.빠른 배송 좋아요 ~^^ 색상 화사하고 가볍워서 좋네요^^,0,39,5,0,0
